loan_id,propname,orig_date,end_date,loan_size_mm,ltv,occ_at_orig,occ,noi_at_orig,noi,is_30d,is_90d,severity
83090,Property35275,11/20/2007,9/1/2022,8.0,74.77,97.68,97.68,713710.81,825284.75,False,False,0.008430317619238065
4862,Property22831,10/31/2006,8/1/2024,14.0,76.0,87.61,87.61,1334567.49,1115432.35,True,True,0.3910966489173457
17083,Property528,10/28/2005,10/1/2019,2.5,54.3,,,285519.27,283318.75,False,False,0.0014225479264398685
12726,Property7589,11/29/2007,9/1/2024,5.35,79.3,93.84,91.29,475477.11,429760.85,False,False,0.006621254777749489
74373,Property3817,8/17/2006,6/1/2021,3.39749856,64.7,98.99,98.99,350451.17,383576.95,True,True,0.30630285656068823
169026,Property12019,4/20/2006,7/1/2021,2.499,55.8,99.44,99.44,611286.3,2469196.43,False,False,0.0014888527326127336
44637,Property7056,8/16/2007,12/1/2020,1.64848817,61.5,100.0,100.0,174964.7,228735.37,False,False,0.0013548053469764028
33181,Property1787,11/4/2004,11/1/2019,2.67276772,60.7,72.97,72.97,316417.16,145293.62,True,True,0.34099978895800065
21345,Property2578,5/23/2007,7/1/2023,18.0,77.19,96.44,96.44,2024896.93,1612489.46,True,False,0.05095293223902963
12622,Property214,2/25/2011,8/1/2022,15.48773441,73.8,95.88,95.88,1654148.46,1859214.48,False,False,0.0012373538674387348
117748,Property13750,10/19/2004,8/1/2019,48.0,78.0,95.91,95.91,4248002.0,4835905.53,False,False,0.0021964474415716684
116480,Property10851,9/29/2014,9/1/2024,5.2,59.1,53.04,53.04,673750.17,713698.5,False,False,0.0003075225724484562
28458,Property24891,11/9/2006,9/1/2024,18.5017349,69.2,78.22,78.22,2091064.0,3979783.28,False,False,0.0007758926838929038
59963,Property13814,11/29/2007,8/1/2024,18.0,80.0,100.0,100.0,1520980.91,657952.43,True,True,0.4317042521520304
27452,Property18330,8/14/2007,7/1/2024,9.7,58.3,97.76,97.76,934679.44,1060289.46,False,False,0.005534763173716293
80600,Property19631,6/27/2008,1/1/2023,11.74,72.25,98.09,98.09,1172828.17,1399836.72,False,False,0.004863090862366186
118134,Property4884,8/17/2006,6/1/2021,4.24,80.0,98.22,98.22,383587.62,280284.21,True,True,0.4752125430577867
51773,Property27835,6/23/2005,10/1/2021,23.0,69.1,69.16,69.16,2779014.47,2691192.07,False,False,0.002790288080585467
86160,Property29696,1/30/2006,9/1/2024,4.29574662,51.8,,,529820.38,645337.21,False,False,0.000604085729187304
21650,Property32444,3/28/2007,4/1/2022,4.28219564,69.63,97.37,97.37,389717.39,524479.65,False,False,0.002793112548232054
2049,Property37571,6/30/2005,2/1/2024,5.1,76.5,91.67,91.67,538211.91,357649.63,True,True,0.424049803728092
115603,Property37682,6/29/2006,11/1/2021,46.5,73.8,97.57,97.57,4127929.94,5245027.73,False,False,0.0008151698185961558
53090,Property9092,6/29/2006,9/1/2024,13.47299949,67.87,96.43,96.43,1366381.2,1532762.18,False,False,0.000817621149699114
42929,Property15358,12/28/2005,11/1/2018,2.44486996,49.9,100.0,100.0,376294.74,437190.32,False,False,0.002405537191267267
171640,Property3486,12/20/2005,9/1/2024,11.9,72.8,97.12,97.12,1191279.54,987148.96,False,False,0.008253712165468358
25393,Property35003,6/29/2007,5/1/2022,9.28,80.0,89.28,89.28,774565.66,1012641.05,False,False,0.0011226729827755414
19356,Property13560,5/25/2005,9/1/2020,0.46390756,46.39,94.688,95.28,269629.76,714274.51,False,False,9.499858153599177e-05
22495,Property3692,11/14/2007,12/1/2021,163.75,70.0,96.82,96.82,13169036.86,10030705.98,True,True,0.33627944403708576
44880,Property12653,6/11/2004,1/1/2024,0.96152655,72.8,96.57,96.57,124553.61,187948.12,False,False,0.0009657015877031744
2931,Property15740,10/25/2005,9/1/2020,1.39557215,55.8,100.0,100.0,167248.51,165866.73,False,False,0.001168342820660333
26414,Property12214,3/28/2007,4/1/2022,7.5,63.29,88.79,88.79,865631.86,269831.27,True,True,0.4412042766105666
20234,Property12587,10/25/2005,9/1/2020,3.98886884,25.0,,97.64,1307799.86,358309.86,False,False,0.0002568974571902591
166265,Property21714,9/27/2006,4/1/2022,1.491017,67.0,100.0,100.0,209661.72,384098.91,False,False,0.00042904271175556
44452,Property11199,5/31/2006,9/1/2019,10.48524054,68.98,72.38,72.38,1414282.4,733354.58,True,True,0.4250016614877307
45419,Property28327,9/29/2005,9/1/2018,7.8,76.8,92.63,92.63,669913.03,728332.81,False,False,0.001017531466240574
113612,Property17273,5/26/2005,8/1/2024,106.0,73.1,100.0,100.0,9545544.0,-1593864.91,True,True,0.3639491549514971
26685,Property16217,8/24/2005,6/1/2020,7.05,75.0,96.85,96.85,792238.84,881200.96,False,False,0.0032628035219420715
9501,Property29827,11/15/2005,8/1/2022,8.88063101,78.59,94.14,94.14,818093.45,768393.52,False,False,0.01089537766909798
12919,Property21487,7/26/2007,2/1/2020,29.006478,68.25,100.0,100.0,2574492.55,2948262.09,False,False,0.007459018620283591
229951,Property37140,4/18/2007,9/1/2024,4.1,62.5,91.95,91.95,374844.17,297667.5,False,False,0.012992935523266113
56619,Property11767,9/27/2006,4/1/2022,8.99250112,52.1,98.72,98.72,1163999.53,1154240.98,False,False,0.0008731764415625358
16508,Property6260,8/20/2013,8/1/2024,8.75,65.3,100.0,100.0,1120696.56,1332948.0,False,False,0.00036085510689232424
16498,Property5337,8/25/2005,1/1/2018,84.27731216,78.26,99.32,99.32,7986540.53,2581191.22,False,False,0.06920146494774261
47459,Property368,8/27/2003,9/1/2018,3.07026397,74.52,93.13,93.13,333787.61,321711.79,False,False,0.0022041744366386837
52917,Property19588,3/21/2006,2/1/2021,4.1,78.8,94.69,94.69,415344.86,211335.67,True,True,0.489912752806321
51383,Property17696,8/11/2005,6/1/2018,25.0,73.9,,,25916548.65,23119496.17,False,False,0.011444429755869328
2563,Property35000,11/14/2007,12/1/2021,10.0,76.1,87.46,87.46,961290.69,1033751.05,False,False,0.0020920662525421418
43073,Property31315,8/11/2003,8/1/2020,1.41891741,70.9,95.12,95.12,168409.71,243209.45,False,False,0.00045851830897515356
24185,Property7447,1/27/2005,6/1/2018,30.721845,70.0,100.0,100.0,14142560.61,17222593.01,False,False,0.009692924058813482
4335,Property9698,5/8/2007,12/1/2020,165.875,54.98,67.49,67.49,31875827.92,37354544.22,False,False,0.0032867945417737105
1869,Property1674,8/25/2004,11/1/2015,82.0,54.67,96.01,96.01,44895792.49,46351454.7,False,False,0.0012656341995637868
13994,Property31405,6/13/2007,6/1/2022,4.12947439,78.04,100.0,100.0,385509.99,160812.14,True,True,0.39640527722219576
16611,Property29086,8/24/2005,1/1/2023,1.7225402,73.3,97.0,97.0,227890.59,97280.9,True,True,0.3581223986421098
7520,Property36560,11/30/2006,7/1/2018,4.293718,63.14,69.73,69.73,657922.01,967966.53,True,False,0.001969036109567595
12423,Property27655,4/29/2005,12/1/2020,2.27196974,64.0,100.0,100.0,278262.79,350760.58,False,False,0.0008939917302756457
8440,Property5894,3/14/2006,8/1/2024,2.63650604,79.89,90.9611,90.9611,257382.19,286452.33,False,False,0.017259987778317557
68164,Property34708,1/27/2005,6/1/2018,4.1,51.6,87.13,87.13,714283.08,600273.49,False,False,0.0011075887373913225
26980,Property5528,6/18/2010,8/1/2024,1.19200583,85.0,96.31,96.31,139196.06,130796.63,False,False,0.0016204587483807798
19793,Property871,3/23/2006,12/1/2017,14.0,77.78,99.64,99.64,916784.5,1016325.15,False,False,0.015151373629672695
72234,Property6584,3/7/2006,8/1/2024,8.2,73.21,75.35,75.35,1083168.65,1094730.32,False,False,0.0022993186101667564
119145,Property19355,8/22/2003,12/1/2018,5.0,79.4,94.03,94.03,527425.77,664696.43,False,False,0.0007963354937283051
15241,Property14989,4/20/2006,7/1/2021,13.0,61.3,100.0,100.0,1535990.14,1353309.49,False,False,0.01687200352889601
81038,Property10376,2/28/2007,5/1/2021,11.5,52.3,96.84,96.29,1247237.11,1972287.48,False,False,0.0006073487315240344
11406,Property13032,2/4/2004,1/1/2018,3.35404321,69.9,100.0,100.0,311075.08,327455.74,False,False,0.0012511995585684436
51566,Property5632,12/28/2005,11/1/2018,151.6763918,75.1,92.25,92.25,12651933.43,17115400.73,True,False,0.03374037362819588
115366,Property14824,5/5/2004,6/1/2019,3.58858074,73.2,100.0,100.0,410176.17,452130.76,False,False,0.0019038622041426096
2444,Property6866,7/26/2007,12/1/2022,11.6,78.9,89.59,89.59,1027535.99,959876.0,False,False,0.019373806215614343
38117,Property33399,2/25/2004,8/1/2018,4.70860438,79.1,94.61,99.01,506306.7,376765.72,False,False,0.00991096182505171
82397,Property33104,8/19/2013,9/1/2024,10.2170994,72.5,96.04,96.04,1185583.46,1548462.38,False,False,0.0004668915304745074
34444,Property18721,1/27/2005,6/1/2018,3.96,55.0,100.0,100.0,597341.13,540532.94,False,False,0.0006597505368243965
86990,Property7296,8/21/2014,9/1/2024,5.8,58.0,53.4,53.4,918168.14,-377853.92,False,False,0.038486163420518214
13024,Property11544,12/2/2004,10/1/2019,3.92,78.4,98.56,98.56,431643.47,324942.75,False,False,0.015437011042673594
20250,Property852,6/29/2006,9/1/2024,5.08,80.0,100.0,100.0,475970.67,451351.47,False,False,0.011030425014232258
78760,Property6394,7/8/2003,9/1/2018,2.19675637,74.47,91.4,91.4,262474.1,147314.69,False,False,0.006479621539112854
65809,Property3174,8/11/2003,8/1/2020,1.34457817,73.1,99.99,99.99,147804.08,95033.25,False,False,0.0020203434842606554
4283,Property14675,2/20/2014,8/1/2024,6.87296483,58.7,83.86,83.86,987344.31,1115417.85,False,False,0.0005997853491988331
117578,Property999,7/26/2007,2/1/2020,2.250179,58.83,100.0,100.0,227139.4,245773.44,False,False,0.002507026070486047
44470,Property15237,7/5/2007,9/1/2024,6.944,73.4,99.41,99.41,671127.05,382919.17,True,True,0.39593965547826265
20063,Property28351,11/21/2013,8/1/2024,3.73216858,66.3,99.6,99.6,328028.93,336470.42,False,False,0.0004482898287120598
48642,Property35295,6/22/2005,9/1/2024,4.59124141,63.8,80.09,80.09,658941.74,540695.04,False,False,0.032894411147977726
84425,Property24704,12/21/2004,9/1/2024,3.69236791,79.2,99.14,99.14,407352.82,461338.96,False,False,0.0022489355329032637
10022,Property23455,10/13/2005,7/1/2019,4.09541865,67.14,97.78,97.78,400765.91,404809.87,False,False,0.001440677607569057
10265,Property35916,6/30/2006,4/1/2021,5.7,79.3,99.24,99.24,564065.56,320813.86,False,False,0.06595042951191782
11115,Property6307,10/15/2015,9/1/2024,12.15,75.0,91.64,91.64,1070200.17,1233480.63,False,False,0.0006577777842406068
24300,Property572,12/14/2005,2/1/2021,10.98800511,57.53,98.2,98.2,998537.55,1396480.15,False,False,0.0003358201742555044
67508,Property32400,3/14/2007,9/1/2024,1.662,71.3,96.64,96.64,158205.8,203938.01,True,True,0.30911292481236247
114923,Property25967,12/21/2006,5/1/2024,21.5,79.4,91.01,91.01,3221182.86,1995298.7,True,True,0.5509102112893994
39636,Property7524,5/9/2013,8/1/2024,2.5936611,64.5,98.63,98.63,248909.74,427160.07,True,False,0.0017489364944196554
37205,Property26592,12/21/2006,8/1/2024,6.4,78.05,100.0,100.0,616162.43,724928.2,True,True,0.4175342533198061
65361,Property7955,11/23/2004,8/1/2021,3.99599518,58.8,89.65,99.01,467641.6,507768.62,False,False,0.0011056693139747283
3178,Property621,8/24/2005,6/1/2020,4.9,79.0,100.0,100.0,468217.48,740134.16,False,False,0.0018155208817326614
37834,Property17037,6/29/2006,3/1/2019,4.8,77.73,99.65,99.65,433668.41,361395.51,False,False,0.025292534305007674
44604,Property17080,3/29/2007,7/1/2021,4.99344219,58.1,100.0,100.0,592011.81,443267.08,True,True,0.40350171957519465
75110,Property35648,9/28/2005,8/1/2022,1.25,29.4,89.62,89.62,356946.66,370254.0,False,False,0.0003771733997670373
4740,Property29529,12/19/2012,8/1/2024,31.4,73.7,90.07,90.07,3122030.96,3102224.84,False,False,0.001057615684852375
194113,Property20402,3/29/2007,7/1/2021,8.88479263,77.3,92.0,92.0,10083612.48,7512357.81,False,False,0.19976737107215936
53496,Property15320,2/28/2011,10/1/2022,14.56994486,55.08,96.89,96.89,2111026.16,2276036.68,False,False,0.0008925164684935133
1638,Property10202,1/30/2013,9/1/2024,3.09655666,71.19,100.0,100.0,320366.62,401570.11,False,False,0.0006938975818684357
12711,Property33782,11/30/2005,9/1/2024,4.77855246,79.6,,,483018.55,560972.29,False,False,0.006668500351594204
32631,Property1800,9/29/2014,9/1/2024,3.675,72.1,98.55,98.55,371169.35,440586.14,False,False,0.0007702958540999418
81119,Property34592,3/30/2005,3/1/2020,7.91593895,74.68,99.79,99.79,943119.19,1293915.16,False,False,0.0009767308963668606
55016,Property24074,6/30/2004,12/1/2019,1.625,43.9,100.0,100.0,304434.82,390061.26,False,False,0.0007962913061329203
1914,Property5401,1/30/2013,9/1/2024,103.0,58.52,86.27,86.27,12456468.76,14762718.49,False,False,0.00020970067954751776
115492,Property15519,8/9/2007,12/1/2021,12.32311807,56.5,99.88,99.88,1797743.02,2008657.6,False,False,0.0012301899978971592
24671,Property3616,8/15/2013,8/1/2024,7.5,63.03,87.26,87.26,820278.03,958994.66,False,False,9.293658398094344e-05
21585,Property16456,9/7/2007,6/1/2021,8.562,74.5,99.46,99.46,792772.24,693626.53,True,True,0.42864033606214547
43582,Property19879,11/10/2004,7/1/2024,4.27588873,77.04,95.23,95.23,387683.73,500772.07,False,False,0.0014105344798956713
53906,Property30469,9/28/2006,11/1/2021,3.19716842,77.98,99.03,99.03,316344.23,271681.54,False,False,0.020307098152483948
15985,Property842,9/29/2004,9/1/2019,4.09278595,42.0,93.46,93.46,437108.07,575750.92,False,False,0.0001495287132411397
25515,Property11390,6/29/2007,5/1/2022,0.89600843,76.9,96.21,96.21,93818.15,130524.56,False,False,0.0008013457267760643
41366,Property3425,8/12/2004,5/1/2020,5.23795388,70.78,76.85,75.88,752909.35,827752.08,False,False,0.0006416963755346066
34805,Property34557,11/10/2004,8/1/2024,2.19205601,78.3,93.38,93.38,258030.87,102150.71,True,True,0.43243212388124663
222088,Property37287,11/15/2005,8/1/2022,21.0,75.74,100.0,100.0,1657772.85,1674080.37,False,False,0.001896954023051262
58488,Property37093,11/9/2006,9/1/2024,3.39386275,64.0,94.92,94.92,387072.71,550693.46,True,False,0.003428624630666407
115453,Property20428,5/24/2005,12/1/2020,3.98668965,37.43,95.44,95.44,817283.2,744730.24,False,False,0.0005182729850848095
244379,Property37749,3/29/2007,7/1/2021,1.08,80.0,97.93,97.93,109240.83,112931.32,True,True,0.5205898161739224
69963,Property26969,4/29/2005,12/1/2020,9.74,74.79,96.3,96.3,1063582.49,906796.5,False,False,0.011987505726527554
56362,Property32233,12/8/2003,1/1/2022,5.09506686,76.6,100.0,100.0,538865.37,445492.46,False,False,0.010317613834454861
20020,Property6877,8/15/2006,4/1/2017,10.83012012,40.9,97.13,97.13,1709840.16,2158266.5,False,False,0.00019571398701997403
47911,Property23513,2/27/2007,1/1/2024,162.5,74.85,89.69,89.69,21560500.49,9432134.59,True,True,0.3824414444811093
22093,Property29118,6/23/2005,10/1/2021,5.74261586,79.8,94.73,79.0,563017.22,527005.3,False,False,0.02859415545520868
59516,Property1806,4/20/2006,7/1/2021,14.98666706,73.1,98.61,98.61,1376920.26,1777831.33,False,False,0.0031695374819296143
30530,Property25586,4/22/2015,8/1/2024,6.18355583,64.41,74.43,74.43,743051.28,982976.79,False,False,0.00016114950376717955
14490,Property29817,7/17/2012,9/1/2024,14.98279444,74.91,96.06,96.06,1363237.53,1587305.37,False,False,0.001676446406167084
116866,Property16783,9/29/2004,9/1/2019,22.5,79.8,98.94,98.94,2070469.72,1990993.36,False,False,0.005282403217173953
50229,Property19770,9/29/2006,6/1/2022,12.0,68.57,99.99,99.99,1144650.96,874958.6,True,True,0.42761787696489434
84063,Property27942,3/14/2006,8/1/2024,26.50708833,75.14,97.77,97.77,3526409.57,1591114.02,True,True,0.5244619898879022
4759,Property42,12/20/2005,9/1/2024,13.0,48.1,100.0,100.0,2031825.35,2611668.15,False,False,0.0006955084479953723
84384,Property7494,11/23/2004,8/1/2021,36.25,70.4,96.63,64.36,3565313.45,1181368.44,False,False,0.16254088067864075
202619,Property27855,5/5/2004,6/1/2019,1.98886874,36.8,100.0,100.0,473776.89,344947.82,False,False,0.00047696629567739533
78553,Property24241,8/11/2003,8/1/2020,1.63979495,56.5,98.94,98.94,257794.51,329340.78,False,False,0.000812001293254636
53980,Property4352,6/13/2007,6/1/2022,3.15575462,75.23,100.0,100.0,339076.01,286744.27,True,True,0.45468839673856387
36487,Property12484,4/29/2003,1/1/2019,2.2773005,64.1,100.0,100.0,322346.94,517627.49,False,False,0.0005466068326778887
29517,Property8356,11/4/2005,9/1/2024,5.474,84.2,94.59,94.59,453178.63,508131.16,True,True,0.3978510391716353
7479,Property23601,8/16/2007,12/1/2020,5.0,75.8,88.7,88.7,419728.89,407813.1,True,True,0.48852409927718704
24707,Property1136,8/20/2003,6/1/2018,1.59521266,44.3,96.77,96.77,298286.11,305616.67,False,False,0.00036312075588258133
20327,Property3439,8/19/2005,9/1/2024,6.21876751,74.03,97.77,97.77,529687.65,243921.76,False,False,0.015314999948850267
55865,Property8307,12/29/2005,6/1/2017,15.75,75.0,98.92,98.92,1455144.68,1402091.95,False,False,0.013851606096075207
26265,Property36585,4/13/2007,8/1/2024,6.75,79.88,91.76,91.76,650429.96,749618.51,False,False,0.01763893873249512
28475,Property32808,8/30/2007,9/1/2024,7.6,79.6,87.14,87.14,660418.57,816298.15,False,False,0.0012486097489566666
27049,Property19344,11/9/2005,2/1/2022,8.0,77.7,97.04,93.04,752564.42,849765.1,False,False,0.001116604404729592
14224,Property20420,8/28/2007,9/1/2024,2.73000004,78.89,93.31,93.31,240485.25,85454.76,True,True,0.3870177683556564
87047,Property14838,6/18/2014,9/1/2024,18.25,71.85,88.6,88.6,1816081.52,2294381.37,False,False,0.0008338866459649758
81914,Property2450,8/20/2003,6/1/2018,2.58147844,43.4,99.52,99.52,345779.49,344645.78,False,False,0.0003025371365465542
86958,Property28553,5/8/2007,12/1/2020,6.25,79.52,93.04,93.04,437403.79,577282.4,False,False,0.0016242587548060486
7689,Property14277,9/28/2005,2/1/2023,3.7,70.48,100.0,100.0,319295.47,368010.47,False,False,0.001977780522246293
22595,Property24280,8/7/2014,9/1/2024,2.14790928,64.5,99.41,99.41,210533.75,152304.87,True,True,0.12632883572009804
69878,Property3315,3/18/2004,9/1/2024,8.74499183,69.96,96.29,96.29,1073148.37,1213934.54,False,False,0.001316816735908429
37747,Property5764,12/20/2012,9/1/2024,4.48902884,74.08,80.26,80.26,443944.02,846484.97,False,False,0.0001214132760505023
78425,Property5624,7/22/2014,8/1/2024,40.0,54.1,75.9,75.9,5928044.81,5591150.81,False,False,0.0004582935634450524
85729,Property15649,4/26/2012,8/1/2024,24.131,59.0,96.38,96.38,2781529.15,2832199.91,False,False,0.001076628087955926
11157,Property2963,1/29/2004,10/1/2016,12.9,76.79,99.1,99.1,1295039.36,1352199.87,False,False,0.0024286038783130942
21352,Property9703,12/19/2012,8/1/2024,11.57257265,65.4,73.64,73.64,1232719.07,647568.24,False,False,0.005172824588673027
24453,Property694,8/19/2005,9/1/2024,11.06641238,76.32,95.42,95.42,1099136.34,1301953.26,False,False,0.0009540607456565494
12857,Property29998,7/19/2016,9/1/2024,7.28743846,69.4,96.64,96.64,805316.34,11210.9,True,True,0.35824724056345864
30625,Property14345,4/20/2006,7/1/2021,1.63298017,48.0,97.91,97.91,253919.68,111657.45,False,False,0.0039496697864143445
67195,Property34740,6/30/2004,12/1/2019,14.0,72.7,99.43,89.85,1524328.59,1899726.59,False,False,0.0017642339409429488
41820,Property22465,6/22/2011,8/1/2024,20.78207229,59.38,99.94,99.94,2161851.88,2129611.27,False,False,0.0011215852607645168
25472,Property1919,7/10/2007,9/1/2024,43.0,77.9,78.37,78.37,5073635.24,2982865.99,True,True,0.4139327530262238
44630,Property31880,5/30/2007,9/1/2024,8.1,77.1,97.32,91.52,689743.43,399284.62,True,True,0.338442747308263
56464,Property32542,3/28/2012,8/1/2024,9.62616882,73.48,98.92,98.92,879011.88,995300.69,False,False,0.00032804146143436175
48089,Property9224,8/22/2012,3/1/2024,7.11715873,74.9,100.0,100.0,760262.11,836095.85,False,False,0.0007796070213920291
79133,Property17644,10/4/2006,9/1/2024,3.597418,37.1,97.6,97.6,648916.55,721837.74,False,False,0.0010101009554130775
281,Property22570,12/8/2003,1/1/2022,2.94564082,39.3,100.0,100.0,577118.05,519192.44,False,False,0.0008126302211936622
41827,Property7161,3/22/2006,8/1/2024,2.75638626,79.7,97.28,97.28,265693.57,335009.32,False,False,0.0007984383338139385
27166,Property25868,2/14/2014,8/1/2024,2.69601924,48.14,100.0,100.0,340284.07,386471.9,False,False,0.000435739072437445
27254,Property15947,9/29/2006,6/1/2022,5.525,73.67,96.43,96.43,552729.27,455121.33,False,False,0.017087463691108192
14769,Property25302,5/13/2004,1/1/2020,4.54110013,79.67,99.3,99.3,516484.03,243090.23,True,False,0.11621665479441419
24448,Property20830,11/15/2005,8/1/2022,25.8,78.18,100.0,100.0,2219806.41,2345900.22,False,False,0.007748966363714377
116630,Property7017,8/17/2006,6/1/2021,3.48971529,79.3,100.0,100.0,335902.17,352953.08,False,False,0.016226239181344766
56465,Property12038,9/30/2013,8/1/2024,2.734,65.4,90.33,90.33,255111.84,458634.48,False,False,0.00012800143654894636
22623,Property24670,8/23/2007,6/1/2022,2.6,57.3,78.32,11.04,266186.94,-71241.55,False,False,0.21025438192941168
114983,Property23952,11/7/2013,9/1/2024,11.48918297,74.4,76.0,76.0,1114868.4,1237747.24,False,False,0.000345931522201944
184189,Property32539,2/24/2005,3/1/2020,3.01819195,63.4,87.33,85.53,349371.27,297503.21,False,False,0.0055015736080795494
16445,Property5821,10/25/2005,9/1/2020,3.18496179,72.4,99.2,99.2,324903.04,385434.38,False,False,0.0033393037504294565
59184,Property12829,2/24/2005,3/1/2020,2.98461719,67.83,95.36,95.36,399541.06,144380.1,True,True,0.4335677470674452
65078,Property25492,11/30/2005,9/1/2024,10.05645737,69.8,,,1017987.87,859372.12,False,False,0.0037689114673523537
85527,Property8958,2/27/2007,8/1/2020,14.75,78.5,90.45,90.45,1289475.1,1332549.29,True,True,0.43545636033673824
30680,Property13390,11/29/2007,8/1/2024,3.55,71.0,98.87,98.87,351333.83,322281.73,True,True,0.46001242275642956
1642,Property11898,5/27/2004,3/1/2020,1.59509248,25.0,,99.23,401476.99,115834.99,False,False,0.00021269090249536365
9033,Property24845,12/19/2006,2/1/2022,25.05,80.0,96.27,96.27,1750660.63,2166463.7,False,False,0.0008747250279115087
117541,Property19685,3/30/2006,8/1/2021,7.5,74.3,76.46,76.46,721883.84,796665.71,False,False,0.003853163596523503
82563,Property16143,12/2/2004,10/1/2019,3.75,78.9,96.61,96.61,330506.75,347686.14,False,False,0.00433893351198455
57852,Property24589,8/12/2003,10/1/2014,28.1,76.99,94.96,94.96,2935690.29,2517640.09,False,False,0.003922004868651499
65981,Property10457,3/23/2006,1/1/2023,24.5,77.29,100.0,100.0,2235436.43,2656140.11,False,False,0.008999817527390645
11498,Property24753,3/29/2007,4/1/2022,0.70705148,71.2,97.24,97.24,69571.73,87121.45,True,True,0.3734872870363693
47999,Property17035,10/27/2005,8/1/2024,4.4,75.21,88.51,88.51,363233.88,485653.44,False,False,0.0005591267560642438
57617,Property23637,11/28/2006,9/1/2024,3.0,63.8,73.86,73.86,445676.59,493164.59,False,False,0.0010709911283155566
22638,Property6310,6/18/2004,4/1/2024,2.19786588,58.8,89.24,89.24,264175.64,201064.24,False,False,0.002314777036760451
6321,Property15707,3/14/2003,1/1/2018,11.94233225,74.3,82.92,82.92,1510524.42,1401157.19,False,False,0.001911979153750471
69906,Property4198,8/16/2007,12/1/2020,3.9637418,71.42,96.5,96.5,411919.34,534721.22,True,True,0.36653349362907917
32411,Property19062,6/30/2003,7/1/2021,2.8933091,25.0,96.87,96.87,1164173.2,145919.2,False,False,0.00030600802956110495
33848,Property21664,3/30/2005,3/1/2020,28.0,77.56,94.029394,94.029394,2410107.25,2133263.7,True,False,0.00632645050944348
14849,Property24081,6/5/2003,8/1/2015,0.999014,76.8,85.84,85.84,121126.41,105420.09,False,False,0.00484984259718574
53824,Property12744,3/29/2007,9/1/2024,10.7,66.7,88.48,88.48,1048147.77,496563.41,False,False,0.06419437901225404
25569,Property11200,6/29/2005,8/1/2024,5.1,73.9,87.75,87.75,533275.95,500783.31,False,False,0.004228899378986939
1725,Property28792,9/7/2007,6/1/2021,1.91440798,67.2,100.0,100.0,181586.19,196010.61,False,False,0.005200060961256548
17715,Property15658,12/22/2004,5/1/2019,16.48193981,74.24,98.74,98.74,1610034.37,1979381.16,True,True,0.35757772618023187
32380,Property984,3/30/2006,8/1/2021,5.0,79.4,100.0,100.0,468724.43,444541.21,False,False,0.016060082751457774
48860,Property14189,5/2/2013,8/1/2024,27.5,58.51,88.12,88.12,2756004.9,3386075.6,False,False,0.0006368733591588286
31114,Property25597,12/15/2016,9/1/2024,10.56,60.34,72.65,72.65,1395403.75,-555289.97,True,True,0.28657725397467454
82027,Property30238,3/30/2006,9/1/2024,7.7,70.64,84.79,84.79,686425.95,921334.07,False,False,0.00044039020447085955
17876,Property31514,5/26/2005,8/1/2024,1.44023814,73.7,86.38,86.38,151448.41,168966.8,True,True,0.33797197228406545
7021,Property631,9/27/2012,9/1/2024,10.85846503,65.85,86.11,86.11,1121478.5,519871.06,True,False,0.010878167799497388
78241,Property15182,12/5/2006,6/1/2022,13.5,73.0,87.86,87.86,1284709.92,1016064.85,True,True,0.21224244885899157
38152,Property9797,6/21/2007,1/1/2021,6.4,68.8,68.02,83.74,606753.49,750032.86,False,False,0.0023156104875916173
16308,Property31555,2/6/2003,6/1/2017,4.98173526,59.0,100.0,100.0,779423.56,1137168.57,False,False,0.0008517809034569297
70832,Property36568,3/14/2007,9/1/2024,41.0,69.5,63.46,63.46,5647449.89,8304906.42,False,False,0.0010557209731957408
52514,Property5413,8/25/2005,1/1/2018,43.6,80.0,99.62,99.62,3407484.07,4848714.86,False,False,0.01776015886880149
29258,Property5769,11/29/2012,9/1/2024,6.2,66.7,66.53,66.53,957783.06,1011529.34,True,False,0.0017925362417848538
56348,Property3835,11/15/2005,8/1/2022,2.89143134,59.01,99.47,99.47,313403.21,315046.89,False,False,0.0016691679825691838
12669,Property3910,3/30/2006,8/1/2021,18.5,79.1,93.09,93.09,1420445.36,685700.76,True,True,0.2904613560457312
25148,Property22132,9/27/2012,9/1/2024,5.445,46.14,99.62,99.62,920801.05,1308553.02,False,False,0.0005947742173225351
56535,Property30162,6/29/2006,11/1/2021,5.38911763,70.1,100.0,100.0,469312.98,469316.98,False,False,0.004446433220152518
85150,Property21549,3/31/2004,5/1/2021,1.65,71.7,99.4,99.4,178497.06,241036.58,False,False,0.0008162745093338395
16717,Property26345,3/7/2006,8/1/2024,4.4100958,64.85,99.02,99.02,419871.35,419872.05,False,False,0.0024609876706774823
67044,Property23238,9/27/2013,9/1/2024,16.8,75.0,97.71,97.71,1944188.54,2133426.57,True,False,0.0012315070562016475
25496,Property18198,1/29/2004,10/1/2016,3.99110996,71.27,98.35,98.35,403156.05,351525.07,False,False,0.001506380073915612
40375,Property13966,6/27/2007,12/1/2023,9.0,69.5,91.64,91.64,910581.79,911657.32,True,True,0.36216415233638116
40961,Property31605,3/8/2007,9/1/2024,6.82331287,78.43,81.42,81.42,777866.77,704498.03,False,False,0.007257339980656107
6069,Property33544,11/21/2013,8/1/2024,50.0,58.5,100.0,100.0,5506275.35,5638657.35,False,False,0.0010002053368168126
28413,Property6197,9/28/2005,8/1/2022,16.25,47.5,100.0,100.0,2087906.46,2587457.13,True,True,0.21821484521836867
37656,Property32688,9/30/2003,10/1/2017,0.92335992,70.2,94.14,94.14,95291.47,114654.38,False,False,0.0012150190776479967
695,Property714,8/30/2007,9/1/2024,29.242,51.3,99.37,99.37,6561454.31,4024061.81,False,False,0.02664766198427371
84300,Property36570,6/29/2006,9/1/2024,7.06312543,73.19,93.97,93.97,618202.19,673884.02,False,False,0.0011600279494600207
20013,Property31023,10/30/2006,9/1/2021,5.2,80.7,100.0,100.0,530117.72,401107.52,False,False,0.03301842287130597
17445,Property21363,8/19/2005,9/1/2024,44.0,80.0,100.0,100.0,3924113.14,713652.35,False,False,0.07259280296434173
50293,Property3477,3/14/2013,8/1/2024,12.4,64.9,90.14,90.14,1481779.15,1070803.43,False,False,0.0017677424101274972
117399,Property28521,1/30/2007,9/1/2024,1.598878,61.7,100.0,100.0,161969.33,182526.63,False,False,0.0023341845473273965
52848,Property18073,1/27/2005,3/1/2018,3.58694422,57.99,92.91,92.91,542504.96,-116113.75,True,True,0.5524394505382515
73351,Property27646,3/30/2006,8/1/2021,10.7,76.4,100.0,100.0,975926.33,951162.09,False,False,0.024088636183218215
890,Property22139,6/30/2003,7/1/2021,3.28927961,25.0,99.93,99.93,1684096.44,137752.44,False,False,0.00030716665132596814
81318,Property12705,1/30/2013,9/1/2024,4.0,55.25,98.73,98.73,440051.87,501983.36,False,False,0.00015710652151346342
58916,Property19374,8/28/2007,9/1/2024,1.65,58.5,100.0,100.0,143434.85,206983.93,False,False,0.00022673736337954777
116522,Property11870,9/27/2006,4/1/2022,4.87124129,73.3,97.93,97.93,477830.08,480202.09,False,False,0.004540723080869963
20001,Property16898,7/31/2007,9/1/2024,6.65,71.51,64.42,64.42,579986.42,526329.24,True,True,0.5816895846638974
81661,Property11468,1/29/2004,10/1/2016,0.99689196,31.75,100.0,100.0,220510.69,261523.06,False,False,0.00012941695103020558
17566,Property5781,1/30/2013,9/1/2024,12.4,76.1,98.34,98.34,1058052.71,1053444.71,False,False,0.00041563587480045443
19617,Property36429,12/12/2006,1/1/2022,13.7,72.1,91.69,91.69,1304995.1,2033575.97,False,False,0.003067315405518882
33703,Property17656,8/25/2004,11/1/2015,5.02870444,79.82,93.01,93.01,438318.13,542203.74,False,False,0.0014770315034813033
20853,Property33845,9/29/2006,6/1/2022,3.0,58.25,99.0,99.0,288724.0,285659.46,True,True,0.3610744510188677
11153,Property23392,12/29/2014,9/1/2024,14.697,70.0,94.84,94.84,1867796.74,1709333.59,False,False,0.0019442370771727015
211153,Property4250,11/22/2011,8/1/2024,4.33139673,59.7,100.0,100.0,522696.11,804918.94,False,False,0.0004642185286252324
32449,Property23575,7/28/2005,12/1/2020,1.64260574,45.6,,,296852.92,288948.05,False,False,0.0008894122221409393
55720,Property7257,3/14/2003,1/1/2018,0.57356284,25.0,100.0,97.03,197393.68,75180.68,False,False,6.165644048160241e-05
84920,Property4901,8/24/2005,8/1/2022,59.6,69.0,,,6203261.23,8288261.63,False,False,0.0006146164129772887
29901,Property11288,11/14/2007,12/1/2021,8.75,62.5,97.59,97.59,877655.87,661792.19,False,False,0.005469374309747792
23835,Property5712,8/24/2005,6/1/2020,15.36,79.6,95.73,95.73,1314990.0,551654.03,False,False,0.054248061449583544
8157,Property29333,3/30/2006,8/1/2021,5.6,80.0,89.12,89.12,566916.75,729907.51,False,False,0.0007361312256815966
43609,Property37808,3/12/2004,3/1/2019,3.67251695,74.9,97.44,97.44,361866.04,250873.87,True,True,0.4063885334591649
24995,Property7788,2/10/2005,8/1/2022,2.59273277,73.03,96.43,96.43,230935.66,197192.26,False,False,0.00630684408736353
44663,Property25233,12/7/2005,6/1/2023,6.7,63.2,94.52,94.52,798367.6,1064385.64,False,False,0.0004640890957144516
47896,Property11268,4/11/2003,11/1/2022,10.63511966,79.4,93.36,93.36,1146337.2,1300008.49,False,False,0.002914291127071096
49582,Property32374,9/28/2006,8/1/2024,8.11402597,74.4,70.0,70.0,1004706.08,1307630.77,False,False,0.0005963233053118285
115200,Property3309,12/21/2006,5/1/2024,5.675,75.2,91.32,91.32,476104.39,436232.28,False,False,0.0025535529892681185
19819,Property31433,2/12/2013,9/1/2024,3.59572852,69.7,89.51,89.51,388080.53,496173.18,False,False,0.000373542924467572
58530,Property32285,8/17/2007,6/1/2021,5.782,64.24,100.0,100.0,511557.82,496939.62,False,False,0.0033165585834913293
12851,Property4947,12/20/2012,9/1/2024,11.3925,75.0,96.37,96.37,1141690.48,1589213.0,False,False,0.0003121898070467102
82862,Property23110,8/17/2006,6/1/2021,1.91541467,71.2,99.57,99.57,232496.83,153945.59,False,False,0.025026503232793974
86158,Property34811,6/21/2007,1/1/2021,1.33036784,34.8,92.51,100.0,258376.35,338164.02,False,False,0.0003480616513194604
99,Property8323,11/23/2004,8/1/2021,20.25,79.9,99.1,99.1,1929463.85,2598235.55,False,False,0.008715390880203356
6273,Property23399,3/14/2003,1/1/2018,3.14029943,71.4,100.0,100.0,408914.9,352500.36,False,False,0.0031822356495470995
14945,Property1976,2/24/2005,3/1/2020,2.07048482,64.7,98.97,98.97,247168.25,299609.07,False,False,0.002148703120519626
10871,Property7133,4/15/2014,8/1/2024,18.85,64.12,93.12,93.12,2065562.85,2624217.98,False,False,0.00033116222696834556
64699,Property14961,6/22/2005,9/1/2024,4.4825,54.0,98.62,98.62,587907.31,665826.63,False,False,0.0015998476664422002
16805,Property35441,5/31/2006,9/1/2019,9.98033222,79.84,100.0,100.0,885551.58,893734.68,False,False,0.021403510681146955
46870,Property27391,5/30/2006,1/1/2020,4.7,65.7,98.82,98.82,456477.43,372388.67,False,False,0.019313643928486716
28766,Property18616,6/6/2007,2/1/2019,5.355,79.33,90.81,90.81,526356.03,721284.84,False,False,0.0010740940215378145
3575,Property2445,4/29/2008,2/1/2022,20.0,41.8,80.09,80.09,67600247.93,67540273.86,False,False,0.003123709762229013
14504,Property18661,4/18/2007,9/1/2024,1.49678476,52.0,67.74,67.74,183822.67,198524.04,False,False,0.0020343069151484306
41431,Property4393,12/8/2003,1/1/2022,3.4,61.8,98.31,98.31,365314.04,437138.97,False,False,0.0006953131104850475
33694,Property13068,8/24/2005,6/1/2020,130.0,51.4,86.2,86.2,20146891.96,12491205.05,False,False,0.004302910069473551
20693,Property8408,12/21/2006,12/1/2021,3.99600272,78.4,97.95,97.95,371957.97,303713.8,False,False,0.026947597005629636
14077,Property14876,8/11/2016,9/1/2024,62.5,47.6,56.38,56.38,15918110.96,-4912128.61,False,False,0.005015886365830529
35778,Property5331,4/12/2005,7/1/2022,150.0,52.17,67.88,67.88,17400761.18,14408704.1,False,False,0.005139422841089089
56079,Property4795,12/21/2004,9/1/2024,4.3,71.7,100.0,100.0,379912.22,425028.61,True,False,0.003847002020545906
117169,Property2625,6/18/2010,8/1/2024,0.23907346,63.75,98.2,98.2,24795.51,41826.03,False,False,9.278008814887594e-05
13385,Property11300,6/29/2007,5/1/2022,5.65,71.1,90.65,90.65,523527.38,211393.63,True,True,0.4903075894095447
619,Property16672,6/28/2006,8/1/2017,11.0,64.71,98.26,98.26,1217669.36,-112781.52,True,True,0.47836597494198346
17282,Property37399,5/31/2006,9/1/2019,4.865,74.85,100.0,100.0,439156.21,244247.76,False,False,0.024305986098158063
56782,Property7986,11/9/2005,2/1/2022,2.33770624,73.1,100.0,100.0,198689.38,168587.1,False,False,0.0017026258362810328
3273,Property544,9/29/2020,9/1/2024,2.77344148,48.7,89.89,89.89,357248.1,378317.12,False,False,0.0005005412192794716
36531,Property36591,2/24/2005,3/1/2020,8.70235736,40.83,87.34,87.34,998003.24,1149086.58,False,False,0.00022518372645965171
47906,Property21451,7/8/2003,9/1/2018,14.145,69.0,98.52,98.52,1523102.59,1764342.06,True,False,0.019037601207057445
31127,Property7277,2/24/2005,3/1/2020,11.3888328,75.9,97.74,97.74,942359.02,1198207.11,False,False,0.002412424507440654
85646,Property14444,9/27/2013,9/1/2024,4.325,68.3,90.0,90.0,491567.99,421186.46,False,False,0.0011773660006768512
923,Property23016,3/16/2007,7/1/2022,3.98777502,49.8,98.19,98.19,461867.04,68069.08,False,False,0.008278507071322438
25399,Property3278,2/19/2014,9/1/2024,24.825,71.6,95.38,95.38,2180108.96,2422890.48,False,False,0.0002608902312883673
57438,Property24120,10/13/2005,7/1/2019,23.6,78.15,97.31,97.31,2050409.34,2298444.37,False,False,0.014707927800913618
47788,Property24539,12/29/2005,6/1/2017,17.2,80.0,96.73,96.73,1530953.23,2025023.39,False,False,0.0007024238790351929
4433,Property2981,10/4/2006,9/1/2024,2.175,72.5,98.11,98.11,202215.17,203290.59,False,False,0.004149413288269789
68797,Property22912,8/17/2006,6/1/2021,2.8,74.47,100.0,100.0,289449.88,182566.87,True,True,0.5166314851585073
14554,Property218,12/12/2006,1/1/2022,3.49510296,60.3,87.65,87.65,385362.23,536858.35,False,False,0.001055341756738116
40,Property15158,6/24/2014,9/1/2024,8.04115817,67.57,81.88,81.88,804413.61,1238248.13,False,False,0.0001643344876754784
44640,Property8629,10/31/2006,8/1/2024,65.0,65.92,73.29,73.29,8685781.74,9315883.82,False,False,0.0010491008785385339
14684,Property34134,11/29/2006,1/1/2018,5.99299983,71.77,73.18,73.18,743671.5,878226.91,True,False,0.006241593319279118
56176,Property18607,7/5/2007,9/1/2024,5.32,80.0,87.09,87.09,577418.82,775841.56,False,False,0.010552578604137618
6068,Property434,8/30/2007,9/1/2024,22.0,77.2,88.58,88.58,2248155.73,2653831.86,False,False,0.04229073418922031
6621,Property11501,2/28/2011,10/1/2022,21.5,74.14,97.83,97.83,2343332.84,2949098.71,False,False,0.001439731741290787
169004,Property25493,6/21/2005,5/1/2024,4.95,71.7,84.88,84.88,502187.01,718563.59,False,False,0.00037135102466920094
70625,Property34507,2/12/2013,9/1/2024,6.48949197,66.9,99.6,99.6,814136.05,849882.73,False,False,0.0015769009345579705
19664,Property9457,11/17/2015,9/1/2024,7.32889719,66.0,76.79,76.79,1006418.33,-45673.43,True,True,0.2943202353832305
29132,Property21286,8/11/2005,6/1/2018,15.0,75.0,,,1370667.25,811458.88,False,False,0.02400274410248698
19246,Property11110,11/29/2005,5/1/2021,8.0,61.5,98.53,98.53,939756.96,1103541.83,False,False,0.001500734551229788
81457,Property13252,11/29/2006,1/1/2018,5.46731392,64.32,78.02,78.02,982484.52,752289.77,False,False,0.00845997472007123
22014,Property5692,8/9/2011,8/1/2024,19.68219262,68.6,92.44,92.44,2469824.9,15136.01,True,True,0.5545448871924933
13913,Property16681,4/26/2012,8/1/2024,20.6,66.5,81.67,81.67,2188855.99,3612442.63,False,False,0.0010205194796486538
11493,Property4221,6/9/2011,8/1/2024,24.0,56.6,100.0,100.0,2878277.73,4328334.92,False,False,0.0009463338670080778
33761,Property6983,9/21/2006,10/1/2021,10.81047603,62.49,100.0,100.0,1121475.94,1650093.31,True,False,0.07094572563432802
16731,Property22662,8/3/2006,2/1/2022,3.99320858,52.9,,,445273.44,461130.9,False,False,0.002138708183594857
44485,Property27072,3/22/2006,8/1/2024,1.09737686,61.8,98.2,98.2,158845.42,99112.87,False,False,0.010258246416308764
48794,Property31534,9/27/2006,4/1/2022,3.26996306,69.6,100.0,100.0,338884.34,110948.07,True,True,0.4481925292859342
82282,Property32955,6/30/2006,4/1/2021,3.0,48.4,100.0,100.0,295749.93,330849.32,False,False,0.003326104454409283
37478,Property1756,9/29/2014,9/1/2024,1.97796943,73.3,86.96,86.96,189331.95,189108.35,False,False,0.00038727758180874663
7739,Property2494,5/21/2015,8/1/2024,3.5,74.2,84.86,84.86,296359.37,347813.36,False,False,0.0006539287565121597
117470,Property20214,9/29/2003,11/1/2019,4.50090222,72.6,78.95,78.95,472029.69,365577.93,False,False,0.00979485175399794
16694,Property9421,8/20/2003,6/1/2018,2.11989836,72.1,93.92,93.92,263318.51,174856.56,False,False,0.011766020464019842
7381,Property25495,5/25/2005,9/1/2020,1.96854691,50.48,95.556,95.556,371393.49,299696.39,False,False,0.0011608639525036196
57728,Property8444,4/21/2004,10/1/2022,15.9405322,77.76,88.17,88.17,1707845.3,1865187.88,False,False,0.015347952277450155
24844,Property1719,6/26/2015,8/1/2024,1.19286706,48.7,95.31,95.31,208763.41,94962.33,True,False,0.02067646739532483
38796,Property32825,2/25/2016,9/1/2024,30.0,68.11,90.26,90.26,8037157.68,-2167321.28,True,True,0.3205305623623139
56129,Property24338,8/25/2004,9/1/2023,2.62634111,75.0,94.53,94.53,291449.96,180805.85,True,True,0.39764342560703025
118168,Property19501,8/23/2005,10/1/2020,4.5,71.43,96.48,96.48,397861.9,560218.55,False,False,0.0016537071068206317
24465,Property300,1/30/2007,9/1/2024,2.14721811,41.3,97.78,97.78,414406.82,377296.57,False,False,0.001293396462274341
82148,Property29949,6/30/2003,7/1/2021,4.19209083,79.8,96.34,96.34,470293.76,523973.06,False,False,0.0019168432392044717
13405,Property25562,2/28/2007,5/1/2021,4.6,72.4,100.0,83.72,464714.74,535556.27,False,False,0.011246659281188698
17645,Property26371,3/29/2007,12/1/2020,15.96420635,74.95,65.53,65.53,1803664.69,2461458.73,False,False,0.0010015398002924773
14342,Property12909,12/28/2007,4/1/2022,3.823,76.46,99.52,99.52,362094.39,293726.33,False,False,0.009728548339269052
6354,Property25594,5/27/2004,3/1/2020,5.99294307,25.4,,95.82,1132189.46,580313.46,False,False,0.00014453980221174062
79094,Property11024,10/25/2005,9/1/2020,7.75,49.4,100.0,100.0,942905.18,1342033.14,False,False,0.0013125925909631023
56458,Property24974,11/13/2007,8/1/2024,1.89106412,55.95,100.0,100.0,237653.54,223824.75,False,False,0.0030335207637794803
43673,Property34648,3/23/2006,12/1/2017,56.0,72.26,83.95,83.95,5744943.86,6661436.49,False,False,0.00817757741382759
1665,Property27927,4/7/2004,9/1/2018,7.68,61.7,82.43,82.43,849436.6,1344409.55,False,False,0.000351943769708893
48791,Property13129,9/28/2012,11/1/2023,37.8,68.7,100.0,100.0,3685123.55,4703942.4,False,False,0.0010938884433261682
39357,Property5660,4/18/2007,9/1/2024,3.017,57.6,100.0,100.0,291540.45,319203.59,False,False,0.0026801590834214764
12760,Property2717,12/30/2014,9/1/2024,24.0,60.0,69.43,69.43,5820668.54,5834749.54,False,False,0.0013934680145160849
38594,Property28912,10/31/2006,9/1/2024,2.3,59.0,100.0,100.0,288401.83,234260.87,True,True,0.3773950222186243
74396,Property6913,4/11/2003,5/1/2015,2.16516005,59.3,97.33,97.33,299389.03,289569.66,False,False,0.0014348853624961918
8454,Property32889,6/27/2014,8/1/2024,3.1,74.5,98.24,98.24,327715.01,236478.18,True,False,0.0080719199494694
41813,Property37072,2/28/2014,8/1/2024,9.735,67.6,83.29,83.29,978409.15,1635508.33,False,False,0.0003481899251900151
33489,Property7301,8/23/2006,10/1/2022,11.5,75.16,94.84,94.84,1192832.87,811486.21,True,True,0.3487895725290247
69533,Property36549,7/22/2014,8/1/2024,33.0,70.51,98.07,98.07,2553574.01,3029104.25,False,False,0.0001889070688877744
40263,Property13959,1/27/2005,6/1/2018,15.75,69.4,100.0,100.0,1483506.04,1572545.23,False,False,0.0012462055115260579
41781,Property19844,8/9/2007,12/1/2021,17.60169861,55.2,75.08,75.08,2150577.67,1108776.58,True,True,0.37515765050319344
19969,Property20939,4/29/2008,2/1/2022,3.39232428,53.8,77.3,77.3,332405.1,342063.45,False,False,0.0033269322483832063
24117,Property2408,3/28/2006,11/1/2023,7.95492133,76.5,99.82,99.82,689622.9,795838.88,False,False,0.0036411588221206366
4199,Property25428,2/25/2011,8/1/2022,31.0,52.3,50.9,50.9,4239439.28,7008678.28,False,False,0.0001936178774399303
43125,Property14844,9/27/2012,9/1/2024,7.82550142,64.14,96.57,96.57,928918.09,943713.81,False,False,0.0006318907322783899
84353,Property27649,3/16/2007,7/1/2022,1.26607407,78.6,94.23,99.23,114535.74,151178.55,False,False,0.0010278716729207452
50271,Property22317,2/12/2013,9/1/2024,11.28114383,66.8,67.29,67.29,1370762.17,1361987.05,False,False,0.0003108131214756517
78480,Property6321,9/28/2005,8/1/2022,4.9,72.1,99.46,99.46,446859.41,231364.54,False,False,0.018148022068661108
50238,Property22887,11/3/2005,10/1/2018,6.32,80.0,100.0,100.0,623667.66,451565.21,False,False,0.014081675727751958
70632,Property13428,2/28/2007,5/1/2021,15.125,72.0,93.27,77.03,1524558.31,1237261.65,False,False,0.06336390076301456
70025,Property36136,5/21/2014,8/1/2024,16.5,73.8,100.0,100.0,1762956.7,1752788.86,False,False,0.0020485554296990967
9382,Property13458,6/29/2005,7/1/2021,9.75,76.5,82.32,82.32,843434.96,928694.59,False,False,0.0036361572447440905
26806,Property503,10/17/2017,8/1/2024,8.27043892,56.6,99.22,99.22,704751.47,564208.88,False,False,0.0005524648191475857
87866,Property5754,3/28/2003,11/1/2019,38.05768863,42.3,100.0,100.0,6291942.3,7530211.58,False,False,0.001530457187948686
29046,Property29458,6/5/2003,8/1/2015,1.981336,85.0,94.53,94.53,215606.9,215607.75,False,False,0.005224572321487519
12773,Property15475,8/22/2003,12/1/2018,2.74772069,74.3,100.0,100.0,385337.76,148325.71,False,False,0.033420557622733035
27000,Property1165,10/24/2014,9/1/2024,4.75,66.43,83.58,83.58,693457.48,703922.86,False,False,0.0011952234793519566
35802,Property27249,6/6/2013,8/1/2024,14.4722739,49.9,99.32,99.32,2328513.6,2996310.33,False,False,0.0003382319394104965
72493,Property10785,3/28/2007,4/1/2022,13.3,73.89,99.78,99.78,1241097.72,1463759.05,False,False,0.010023082619949773
42670,Property2410,6/4/2014,9/1/2024,62.25,61.0,82.6,82.6,6639151.57,4216575.09,False,False,0.0009553325845876024
193111,Property8696,11/14/2007,12/1/2021,7.25,51.8,88.11,88.11,711654.17,819487.07,False,False,0.002941824486624594
48424,Property7216,6/29/2006,11/1/2021,1.89502799,72.9,91.76,91.76,211152.45,157672.88,True,True,0.39391511661206124
24460,Property27937,7/10/2007,9/1/2024,24.6,75.23,95.99,95.99,2422841.55,2412351.25,False,False,0.0008999862514910619
85816,Property20121,8/19/2013,9/1/2024,7.44,67.0,91.24,91.24,707595.21,725339.92,False,False,0.00025906777458424205
436,Property20034,8/19/2005,9/1/2024,14.24,80.0,100.0,100.0,1178783.34,1490021.64,False,False,0.0014524914708498454
20070,Property13917,8/28/2007,9/1/2024,2.89,55.5,98.74,98.74,261613.65,296600.4,False,False,0.0006703673700321064
11489,Property29385,5/8/2008,9/1/2024,3.20564457,78.19,100.0,100.0,346620.11,341659.39,False,False,0.017151948151391025
20004,Property35087,6/30/2003,7/1/2021,1.94235014,68.2,92.53,92.53,249774.37,217849.58,False,False,0.002294297422534044
16606,Property23724,3/16/2007,7/1/2022,2.59256855,76.3,98.22,100.0,238222.81,259045.93,False,False,0.002184071213272149
55988,Property17512,7/17/2018,9/1/2024,5.2,67.5,100.0,100.0,523912.67,588600.88,False,False,0.0019214742428797402
31085,Property18474,5/9/2007,8/1/2024,4.49186349,68.1,80.2,80.2,616774.36,745170.29,False,False,0.001786645293912801
44722,Property13133,1/30/2007,9/1/2024,2.07498521,72.8,100.0,100.0,208735.61,274391.85,False,False,0.0036075163790113256
32583,Property4806,5/9/2013,8/1/2024,5.49177448,25.0,96.18,96.18,2930802.54,103967.07,False,False,0.0005298016487653923
305,Property6831,3/22/2006,8/1/2024,3.31919915,65.1,75.99,75.99,584762.15,770346.4,False,False,0.0004263267777307298
29895,Property27854,6/14/2007,10/1/2021,3.011,75.84,98.29,98.29,260308.33,256729.19,False,False,0.0028879157799196593
38084,Property15443,7/17/2012,9/1/2024,11.18683125,73.55,91.83,91.83,1143104.48,1881268.63,False,False,0.00021889548003895432
8045,Property18294,6/8/2006,8/1/2021,1.29613373,61.7,98.39,98.39,159794.87,150820.52,True,True,0.43282621047573555
15186,Property10894,3/2/2004,9/1/2015,40.0,49.1,95.54,95.54,5988518.96,6916343.12,False,False,0.0005162715378461968
29319,Property4472,3/18/2008,4/1/2024,1.4,70.0,65.13,65.13,128955.46,162286.29,False,False,0.00384796603038823
8148,Property10782,12/18/2003,2/1/2017,2.19749061,32.6,,94.15,470774.62,94836.62,False,False,0.0004775787853231581
77666,Property10580,3/7/2007,1/1/2024,1.675,67.54,86.34,72.08,168762.07,109286.08,False,False,0.030542483914952182
68781,Property3114,3/28/2006,11/1/2023,4.543,57.5,100.0,100.0,538730.74,484672.21,False,False,0.0073248186073248175
25181,Property5597,11/29/2005,5/1/2021,6.04900703,67.2,86.14,86.14,552869.5,368069.83,True,False,0.01797484277902668
34674,Property3509,8/23/2005,10/1/2020,8.44137554,69.76,97.1,97.1,684942.05,1013659.94,False,False,0.0005191579042093277
56672,Property11821,4/26/2012,8/1/2024,127.0,71.1,84.17,84.17,14956022.6,15349356.41,False,False,0.003175085069623542
32410,Property25540,2/5/2004,1/1/2019,4.5,43.5,100.0,100.0,666341.3,1050528.79,False,False,0.00016614779662713235
55158,Property23509,9/29/2020,9/1/2024,2.35,69.9,90.33,90.33,191519.4,215864.82,False,False,0.0002821026775734677
38742,Property23808,10/28/2005,10/1/2019,28.5,51.5,,,3694254.4,3711462.84,False,False,0.0008080170447904148
32524,Property19029,4/20/2006,7/1/2021,2.47332955,41.2,100.0,100.0,457137.98,612314.9,False,False,0.000616651962125404
117744,Property3223,3/24/2005,9/1/2024,4.024,80.5,86.86,86.86,351196.78,317488.99,False,False,0.006119574546646726
118107,Property16716,12/23/2003,9/1/2017,11.5,77.97,99.74,99.74,1163193.52,923759.37,False,False,0.00957194488883712
177489,Property19193,8/23/2007,6/1/2022,22.168,77.89,99.33,97.7,1640025.38,1460539.84,False,False,0.030081754892266898
3494,Property11327,11/29/2007,8/1/2024,1.25,78.1,98.0,98.0,120821.37,167254.24,True,True,0.4471517232929338
23117,Property37709,5/26/2005,8/1/2024,3.50257342,77.8,88.22,88.22,385962.87,350783.94,False,False,0.006122203653126033
40250,Property5408,12/28/2007,4/1/2022,3.19127951,79.78,95.56,95.56,401783.84,277880.3,True,True,0.4699745538082938
10508,Property5130,6/18/2010,8/1/2024,0.6501976,58.31,100.0,100.0,156861.8,178628.63,False,False,0.00014263652169276778
114623,Property20584,3/20/2013,11/1/2023,4.5828537,65.5,87.36,87.36,538536.91,450233.69,False,False,0.0012039912564644688
88300,Property11689,3/30/2006,9/1/2024,8.526,79.3,96.64,96.64,775026.14,933664.2,False,False,0.006267341638315545
27113,Property553,8/25/2005,11/1/2020,7.8,75.7,86.63,86.63,673483.08,626689.0,False,False,0.002533889954483665
49598,Property4545,11/10/2004,12/1/2019,8.175,75.0,83.51,83.51,889746.14,1084153.31,False,False,0.004276172700637764
25811,Property14909,9/29/2003,11/1/2019,3.19423906,72.6,99.91,99.91,328820.68,327987.08,False,False,0.002479319222289947
27987,Property15058,3/5/2019,8/1/2024,3.05,58.9,75.96,75.96,299775.48,465908.41,False,False,0.00016720451531248887
43273,Property13784,4/20/2006,7/1/2021,2.8226276,60.6,100.0,100.0,309205.84,368963.58,False,False,0.0032831016073446347
81095,Property24442,4/10/2006,6/1/2021,8.48478708,73.1,68.12,68.12,1106763.64,1270372.18,False,False,0.0011367315014121485
81199,Property7300,2/10/2005,8/1/2022,8.96366256,63.57,71.46,71.46,1328956.42,1327951.84,False,False,0.000931856582840968
4977,Property7666,1/27/2005,3/1/2018,10.56,80.0,100.0,100.0,981327.09,608967.51,True,True,0.36811504774251985
86454,Property18202,12/23/2003,1/1/2018,66.0,62.8,96.48,96.48,6818835.66,7619030.65,False,False,0.0014813605280988517
29960,Property8231,8/22/2007,9/1/2024,4.49660564,72.53,68.8,68.8,611925.98,357667.09,False,False,0.038377464724425665
66642,Property1235,3/22/2006,8/1/2024,0.84734651,44.6,99.74,99.74,115961.29,127592.71,False,False,0.00028569212386330946
10583,Property15637,3/29/2007,4/1/2022,11.7640733,82.27,100.0,100.0,1002419.45,963001.76,False,False,0.0035566504746859543
12453,Property35753,3/7/2007,1/1/2024,10.0,58.82,99.03,99.03,1075736.49,882999.97,False,False,0.014480190763729629
44677,Property13049,12/21/2006,2/1/2020,26.0,69.33,98.55,98.55,3088379.85,4046750.15,False,False,0.001266406602678576
55890,Property37452,9/29/2004,9/1/2019,4.8,66.7,100.0,100.0,545005.83,604153.63,False,False,0.0015845606875670628
116801,Property8030,3/20/2003,2/1/2018,22.1,71.3,96.09,96.09,2158635.86,2518640.69,False,False,0.0005566735301999927
36239,Property27844,8/17/2006,9/1/2019,111.8058912,54.54,71.01,71.01,16479943.29,12392814.58,False,False,0.002724922117712628
87563,Property3731,6/13/2013,9/1/2024,18.5,73.1,90.23,90.23,1864528.72,2082024.99,False,False,0.0006056424449613255
58330,Property18063,6/13/2007,9/1/2024,8.0,74.4,95.47,95.47,819359.04,633342.41,False,False,0.016798533687476823
4358,Property25371,12/12/2006,1/1/2022,1.29763358,55.8,81.96,81.96,133956.96,84588.37,False,False,0.0062661493793656105
18284,Property23997,4/10/2006,6/1/2021,11.68720932,74.4,100.0,100.0,1168058.05,1645008.49,False,False,0.0030938341281747136
77287,Property18671,3/29/2007,7/1/2021,12.185,68.8,94.8,94.8,995702.01,565742.12,True,True,0.49092512696226553
67500,Property17682,3/7/2007,1/1/2024,3.0,74.07,100.0,100.0,384441.14,87766.05,False,False,0.14349485355326078
24942,Property35579,3/22/2006,8/1/2024,1.08691727,25.0,,,461887.0,209934.42,False,False,0.00015593367763380047
37712,Property26899,3/14/2007,9/1/2024,1.37087699,78.3,95.57,95.57,139604.97,93061.23,True,False,0.17631376792567507
36084,Property17603,8/23/2007,6/1/2022,2.125,78.7,99.69,100.0,232883.63,122197.27,True,True,0.5093203457450273
27973,Property26078,5/30/2007,9/1/2024,1.99572243,70.3,96.98,96.98,220466.31,221205.17,True,True,0.3580958142117209
117841,Property32963,12/21/2004,1/1/2020,11.33941132,78.75,100.0,51.69,1089852.58,1215796.0,True,True,0.38794446138614014
86183,Property11598,6/29/2006,11/1/2021,29.4,60.0,83.03,83.03,4373925.4,2212844.75,False,False,0.02073325040644535
37208,Property37227,8/16/2007,12/1/2020,1.775,77.2,97.0,97.0,161858.79,198556.98,True,True,0.4241238077584174
78456,Property34464,5/8/2007,12/1/2020,44.5,73.55,75.43,75.43,4711746.37,5512671.29,False,False,0.0008017678664656609
41719,Property21262,5/25/2005,9/1/2020,3.37079861,51.86,92.69,100.0,1257599.8,1490921.94,False,False,0.000332097275512541
119246,Property33179,2/13/2015,9/1/2024,10.994,68.3,75.04,75.04,1215395.03,1930943.27,False,False,0.00011067478996349077
22208,Property4940,3/29/2007,12/1/2020,2.0,64.52,100.0,100.0,182802.9,238558.46,False,False,0.0007703793878509331
11861,Property37192,10/31/2006,8/1/2024,9.9,73.33,78.32,78.32,1246801.62,788971.91,True,True,0.3909056862859044
27255,Property5273,8/13/2013,9/1/2024,15.0,75.0,99.36,99.36,1405635.55,1495217.6,False,False,0.0014133846803953778
16080,Property15318,7/10/2007,9/1/2024,160.5,77.91,94.14,94.14,13083819.7,17133060.26,False,False,0.0008626796485266852
49707,Property24898,2/17/2005,2/1/2020,2.325,78.55,100.0,100.0,243241.69,205985.51,False,False,0.0129407891052078
249917,Property126,11/10/2004,12/1/2019,1.69519486,47.6,100.0,100.0,233617.49,213287.64,False,False,0.001005915667139385
11303,Property25503,8/14/2014,8/1/2024,4.5,73.17,100.0,100.0,372537.23,349770.75,False,False,0.001018193441928199
28844,Property16498,8/12/2004,10/1/2016,2.89665778,68.97,97.51,97.51,401322.79,251945.34,True,True,0.34513267090427413
24940,Property33744,11/30/2005,9/1/2024,1.73664001,49.8,,,151670.37,192802.53,False,False,0.0009390066270996459
206233,Property19999,11/23/2004,8/1/2021,1.79828941,75.4,100.0,92.38,193238.5,95631.99,True,True,0.3129603836619175
24564,Property15730,12/21/2006,2/1/2020,12.0,66.67,78.76,78.76,1240541.19,1724008.46,False,False,0.001461549372176263
80857,Property37717,12/29/2005,6/1/2017,72.0,71.29,84.08,84.08,6410788.06,5947083.41,False,False,0.004592607710644542
16736,Property37253,10/22/2014,9/1/2024,7.08328143,73.78,90.78,90.78,811563.38,693872.44,False,False,0.0037705128500200155
14486,Property36980,3/30/2006,9/1/2024,146.4933908,36.6,100.0,100.0,22215543.58,25355363.89,False,False,0.0029257156136557765
20445,Property22103,6/29/2005,7/1/2021,5.74839213,77.7,96.99,96.99,647433.19,775785.94,False,False,0.0008421780965787311
116064,Property21611,6/18/2004,4/1/2024,18.025,79.6,95.18,95.18,1590780.42,1726038.72,True,True,0.0852860528925218
717,Property21135,3/29/2007,7/1/2021,3.65,61.9,98.56,98.56,383050.62,307407.28,False,False,0.010940715703913428
21212,Property35589,11/9/2004,5/1/2019,1.38871998,75.89,90.74,90.74,140694.29,135516.18,False,False,0.0028220985884607436
25570,Property23836,3/29/2007,12/1/2020,9.04,75.71,99.19,99.19,863728.47,957164.32,False,False,0.002000293931043036
14380,Property29974,4/20/2006,7/1/2021,9.99046497,62.4,100.0,100.0,1030024.6,1299320.94,False,False,0.0016437659401981092
11964,Property31707,10/8/2013,9/1/2024,11.3,73.4,96.32,96.32,1001679.49,1185398.14,False,False,0.00018072022377556973
20160,Property6604,5/9/2007,4/1/2022,2.2,56.8,74.27,74.27,219192.09,91610.01,True,True,0.4113041132308708
28914,Property1655,8/30/2007,9/1/2024,14.8,78.1,97.56,97.56,1368478.12,1611827.27,False,False,0.013785816575058226
58211,Property5235,3/24/2005,9/1/2024,5.65,67.3,99.89,99.89,604858.86,496085.94,True,True,0.2482045240617655
44910,Property21964,8/12/2014,9/1/2024,6.6,74.6,84.72,84.72,655461.76,788058.33,False,False,0.0007325395754387598
85715,Property23846,6/28/2004,7/1/2015,2.4,72.73,99.89,99.89,269967.26,341005.84,False,False,0.001073358450624402
23508,Property6457,11/14/2007,9/1/2024,10.0,30.8,100.0,100.0,1313408.46,790340.26,False,False,0.0005910385704191466
53563,Property7560,8/24/2005,1/1/2023,4.03153727,75.4,94.0,94.0,477353.02,603742.74,False,False,0.0004676968404719993
26533,Property8808,5/30/2007,9/1/2024,4.7,77.0,94.4,94.4,422911.67,479244.35,False,False,0.00769739570563576
27622,Property13414,2/27/2007,1/1/2024,6.0,79.37,99.58,99.58,527905.97,584098.17,False,False,0.0019769162498303443
67482,Property33266,3/18/2014,9/1/2024,12.8,66.7,91.58,91.58,1575242.09,1932159.83,False,False,0.0003071802056527364
7173,Property30903,10/27/2005,8/1/2024,2.9,74.36,70.03,70.03,264078.37,511814.27,False,False,0.0010730775021733157
56669,Property9292,9/28/2006,8/1/2024,1.31897113,64.0,99.59,99.59,133143.75,184258.26,True,False,0.011852373581587852
6190,Property36812,10/30/2012,9/1/2024,45.88762219,69.8,95.3,95.3,4125408.99,4637645.77,False,False,0.0013518808845802406
66474,Property27057,8/15/2013,8/1/2024,11.98534288,63.92,90.83,90.83,1247029.88,1474168.71,False,False,0.0007712154186510158
11160,Property12866,3/11/2005,3/1/2020,9.3,73.8,84.52,84.52,892263.26,820453.62,False,False,0.004366663348860637
219567,Property30854,5/5/2004,6/1/2019,0.8121048,25.0,100.0,100.0,419386.76,478060.83,False,False,0.0001421672048215429
18078,Property7495,9/29/2014,9/1/2024,8.5,73.8,95.04,95.04,869720.92,748449.25,False,False,0.0011131646752371267
48786,Property21119,2/10/2005,3/1/2020,39.0,70.4,67.28,67.28,5381108.74,7771479.15,False,False,0.0007202851082006769
14612,Property33389,1/30/2013,9/1/2024,3.29596035,74.91,95.86,95.86,346873.93,431453.78,False,False,0.002343751133559226
23831,Property17377,6/24/2014,9/1/2024,12.2869139,69.81,73.32,73.32,1426618.43,1698842.57,False,False,0.0002104387246892295
35908,Property11828,8/24/2004,9/1/2020,1.55597753,66.2,100.0,100.0,213390.78,210560.19,False,False,0.003245705691639534
25189,Property27461,3/8/2007,9/1/2024,9.3,73.81,100.0,100.0,971604.04,1347846.12,True,True,0.43925106537113945
16290,Property7138,9/29/2006,6/1/2022,1.59776883,43.07,88.09,88.09,204425.8,136425.27,False,False,0.0017870105378968144
7563,Property7494,12/7/2005,6/1/2023,23.36,80.0,99.59,99.59,1928199.29,1130085.26,True,True,0.3937822501570321
26562,Property7604,6/13/2007,9/1/2024,1.2275,64.6,91.89,91.89,125122.48,206144.69,False,False,0.00037922077345798813
68211,Property29425,8/24/2005,1/1/2023,5.45,75.7,100.0,99.99,461006.29,512460.98,False,False,0.002103598316300825
26316,Property10122,3/31/2004,5/1/2021,8.26504787,73.5,100.0,86.31,844629.86,627873.65,False,False,0.020750968337166817
53193,Property5462,2/1/2006,11/1/2021,10.15,66.3,95.99,95.99,769854.8,734745.74,False,False,0.0015600896265798331
6339,Property14634,7/28/2005,12/1/2020,2.05780085,50.8,,,277227.89,233916.29,False,False,0.003081593742145094
38647,Property3284,4/29/2003,1/1/2019,1.99377642,75.2,98.97,98.97,231338.22,245812.78,False,False,0.0007298959978947829
221895,Property17587,12/14/2005,2/1/2021,4.75,64.19,93.05,93.05,533049.8,715837.51,False,False,0.00046413840535534636
12590,Property18419,12/18/2003,2/1/2017,0.98757321,25.0,,96.66,902126.63,321910.63,False,False,0.00017658980077778612
20496,Property32091,2/27/2007,8/1/2020,51.65509307,79.4,100.0,100.0,4684347.67,3397982.5,True,True,0.22963572417905959
71125,Property12888,10/25/2005,9/1/2020,7.8,75.0,90.18,75.29,828028.44,628786.99,False,False,0.038364519365647394
47846,Property19229,11/20/2013,9/1/2024,12.6,56.02,98.99,98.99,2146361.06,1863533.61,False,False,0.0006051850408432048
24129,Property24564,3/22/2006,8/1/2024,9.15,77.5,99.6,99.6,774284.1,992459.51,False,False,0.0006318107605110807
115808,Property5547,9/26/2003,9/1/2024,4.75213823,67.6,100.0,100.0,681693.56,577697.56,False,False,0.0017370369656688484
16295,Property22600,3/7/2006,8/1/2024,6.00990326,76.07,100.0,100.0,613593.26,488645.37,False,False,0.03574923476519833
23585,Property6016,3/29/2007,7/1/2021,7.7,78.9,99.66,99.66,830522.08,636158.75,False,False,0.07124880546731688
36473,Property32249,3/29/2007,12/1/2020,1.84752911,73.02,94.65,94.65,169661.54,281997.83,False,False,0.0005967052938771066
41834,Property3983,6/23/2005,10/1/2021,14.62,79.9,96.26,96.26,1413041.88,996533.88,True,True,0.3671365125886056
194076,Property23191,6/16/2005,1/1/2019,9.64102421,79.84,99.34,99.34,982153.9,1372595.56,False,False,0.003340392506922752
44672,Property24231,6/21/2006,6/1/2021,8.0,72.1,77.34,77.34,1155831.05,1368204.42,False,False,0.0012466603330534857
58907,Property21729,5/24/2005,12/1/2020,16.3,76.53,89.67,89.67,1415988.21,1476899.32,False,False,0.0017635587956261038
86138,Property12683,2/27/2007,8/1/2020,29.93360778,25.0,98.0,98.0,11422682.07,11382276.06,False,False,0.002502936994124872
4722,Property8410,10/25/2005,9/1/2020,0.11710828,25.0,,94.24,756243.74,190137.74,False,False,9.978174804433723e-05
18985,Property30139,11/16/2010,9/1/2024,17.4567956,69.5,91.17,91.17,2266640.09,2009950.69,False,False,0.0025810480495714267
56927,Property8220,4/10/2006,6/1/2021,60.0,60.5,90.41,90.41,5383142.88,3511250.86,True,False,0.036161644878177
2319,Property23403,4/22/2004,12/1/2020,6.38564891,79.82,95.95,95.95,593659.71,737035.04,False,False,0.0009212666012061948
11985,Property34438,9/27/2006,4/1/2022,6.39248489,51.1,59.71,59.71,1007843.09,473263.18,False,False,0.006867016668106213
69,Property6067,4/25/2008,1/1/2020,60.0,61.62,100.0,86.08,18053155.66,18056286.72,False,False,0.02973258694412671
117742,Property25385,11/9/2006,9/1/2024,1.824,79.3,99.68,99.68,193100.1,146248.66,False,False,0.024339203097318657
80987,Property17497,3/29/2007,12/1/2020,4.0,80.0,100.0,100.0,322356.29,361076.3,False,False,0.01568559271021459
58419,Property25962,9/30/2003,11/1/2016,4.0,47.1,98.72,82.24,598269.88,545427.48,False,False,0.0005277806584881628
28966,Property3492,10/30/2006,8/1/2024,16.5,75.0,97.65,91.52,1637085.94,1674546.37,True,True,0.44721087511413454
70415,Property8503,3/18/2008,4/1/2024,10.525,66.61,94.11,94.11,1175838.71,1372269.49,False,False,0.005199648435878849
115848,Property27863,3/18/2003,2/1/2018,8.08084175,69.1,95.52,95.52,837121.12,847472.44,False,False,0.00047075434822367926
55152,Property25746,7/31/2007,9/1/2024,29.0,77.09,96.56,96.56,2428994.5,2107739.89,False,False,0.04258396122101679
65704,Property3198,3/28/2006,11/1/2023,3.16,77.7,98.57,98.57,291619.94,-105029.27,True,True,0.6645638090004719
19678,Property32507,5/26/2005,8/1/2024,15.6,79.9,94.96,94.96,1270958.66,1359213.0,False,False,0.0014457821554639321
2368,Property5006,6/20/2006,8/1/2023,10.64165381,78.5,96.05,96.05,1020982.53,398569.99,True,True,0.5153438198910102
24138,Property2574,3/30/2006,8/1/2021,1.49795046,68.1,96.67,96.67,138552.25,20725.46,True,True,0.5433304839213134
18214,Property4666,3/29/2007,9/1/2024,6.191803,60.1,100.0,100.0,650580.49,1027766.29,False,False,0.0003534837719513358
28464,Property6923,6/14/2007,10/1/2021,11.5,73.2,99.6,99.6,993084.33,735144.69,False,False,0.027033521149598005
42873,Property1760,5/25/2006,9/1/2024,14.5,73.05,94.77,94.77,1330070.11,307204.29,True,True,0.5517762847491439
40798,Property28066,10/28/2005,10/1/2019,1.642313,60.8,,,202807.45,166527.17,False,False,0.014940869066308185
27672,Property20403,6/7/2006,6/1/2018,7.82491382,79.85,97.23,97.23,735435.99,379835.08,True,True,0.48319205366097046
4173,Property12094,6/16/2005,1/1/2019,8.5,80.0,99.33,91.87,787865.34,593045.07,False,False,0.03696612527667803
17554,Property4454,3/23/2006,12/1/2017,9.082,73.84,91.03,91.03,808958.57,309999.84,False,False,0.0750082780068023
171397,Property13011,12/22/2006,4/1/2021,3.36845841,75.9,83.22,83.22,303115.35,102619.01,True,True,0.5103879922468628
5628,Property21147,6/6/2007,2/1/2019,10.4,80.0,94.43,94.43,974616.77,-51827.26,True,True,0.6631493234104872
41565,Property18249,8/28/2007,9/1/2024,1.86,79.8,98.93,98.93,173099.45,202183.22,True,True,0.4471914664509628
114351,Property22771,3/28/2007,4/1/2022,14.0,45.9,92.21,92.21,2175301.56,2205355.95,False,False,0.004419956915800208
116783,Property29700,11/14/2007,9/1/2024,2.05,29.7,67.35,67.35,400503.32,598884.81,False,False,0.0003637433169166689
25369,Property28110,11/29/2005,5/1/2021,10.11056354,79.6,95.37,95.37,857910.56,1010867.75,False,False,0.008062460328343353
20220,Property16594,9/28/2006,8/1/2024,3.48685469,62.3,59.13,59.13,669703.83,758941.56,False,False,0.0014054619383661471
20572,Property25262,9/28/2005,2/1/2023,3.09666688,66.42,100.0,100.0,252065.85,-46102.94,False,False,0.03286112977385729
27475,Property32529,1/30/2014,3/1/2024,8.85443732,73.79,96.17,96.17,870949.84,1070187.84,False,False,0.00040597493488803534
32502,Property18972,11/10/2004,7/1/2024,4.8,80.0,98.98,98.98,446994.82,550553.27,False,False,0.0011137196920146949
23799,Property1945,12/28/2005,9/1/2024,2.63,69.6,93.21,58.23,285761.31,145280.16,True,True,0.32480773298679505
15904,Property19116,6/18/2010,8/1/2024,0.98379107,56.22,99.32,99.32,215256.4,185881.48,False,False,0.0015997696151843555
21691,Property31147,7/12/2006,1/1/2024,15.0,66.08,78.85,78.85,1880094.23,1875575.62,False,False,0.0023159186740647204
58298,Property30369,12/14/2005,2/1/2021,4.98252852,49.83,99.17,99.17,695884.96,617154.35,False,False,0.002366514413228662
48629,Property624,10/13/2015,8/1/2024,21.7,64.6,90.67,90.67,4338908.15,5105725.5,False,False,0.0004454764612523542
57868,Property37724,4/13/2007,8/1/2024,5.4,72.97,89.84,89.84,549427.11,664773.86,False,False,0.005002864490191928
32703,Property21114,2/27/2007,1/1/2024,4.32,80.0,89.78,89.78,357009.51,193220.38,True,True,0.5267958967367635
4357,Property8250,3/20/2003,2/1/2018,35.2,80.0,84.72,84.72,3701120.37,3401377.22,False,False,0.010894548864988715
41385,Property25721,3/22/2006,8/1/2024,3.01294861,47.8,100.0,100.0,519531.73,671587.5,False,False,0.0011186056242931009
194151,Property34465,6/30/2004,12/1/2019,3.62,66.7,98.07,98.07,365065.96,380114.28,False,False,0.0008320733604147957
67654,Property15865,12/12/2006,1/1/2022,4.5,71.9,74.0,74.0,419836.77,544692.27,False,False,0.00048778622406748867
86968,Property31643,8/23/2005,10/1/2020,33.7,68.92,99.46,99.46,3082645.2,3145561.94,False,False,0.011893082564264506
70273,Property6564,6/30/2003,2/1/2024,26.4,79.4,90.34,96.05,2272632.16,2419940.89,False,False,0.0006113630107644161
30702,Property28394,10/13/2005,7/1/2019,13.9,53.43,93.1,93.1,1899974.51,2141717.32,False,False,0.0021706305753855463
25086,Property26770,10/25/2007,6/1/2021,4.29602889,79.6,,,406355.09,370488.77,False,False,0.005928920238965119
193959,Property12592,6/13/2007,9/1/2024,5.99664496,48.4,100.0,100.0,721860.08,430299.24,False,False,0.005777252829764412
14089,Property33724,3/29/2007,9/1/2024,2.2,46.8,100.0,100.0,282114.25,289047.16,False,False,0.0018927085070683065
81705,Property6020,8/25/2005,1/1/2018,4.72847579,79.74,90.79,90.79,425106.33,713954.87,False,False,0.0008326051383198483
47340,Property1976,6/28/2012,2/1/2023,4.9,66.2,100.0,100.0,494459.69,521684.28,False,False,0.0006285963747327673
54444,Property24016,3/29/2005,9/1/2019,12.92728284,64.6,88.65,88.65,2055243.27,1914739.52,False,False,0.00428259030243013
2696,Property1547,8/12/2004,5/1/2020,1.376,74.46,100.0,100.0,148850.62,149093.58,False,False,0.0038424585700961226
26695,Property7797,10/25/2010,8/1/2024,16.96605138,34.8,87.01,87.01,3146168.17,4067810.17,False,False,0.0003073593248628549
840,Property31508,3/16/2007,7/1/2022,2.7,69.7,95.69,95.69,250057.01,280835.14,False,False,0.0009771298660611195
9943,Property36831,12/18/2003,2/1/2017,1.1543539,60.8,100.0,100.0,165042.8,168193.42,False,False,0.00174775699789487
58898,Property5293,8/24/2005,1/1/2023,3.35,74.4,95.39,74.85,331654.29,282338.91,True,True,0.4694624841336661
54345,Property33783,12/14/2005,2/1/2021,0.84486973,74.04,100.0,100.0,160028.48,96643.45,True,True,0.26280338912352147
9374,Property3070,2/25/2011,8/1/2022,146.8710952,63.9,100.0,100.0,14684450.62,15081588.44,False,False,0.0036219550473291268
37319,Property29947,2/9/2016,8/1/2024,11.20992548,72.32,94.92,94.92,956586.01,1040562.73,False,False,0.00037680718536486696
57333,Property28760,3/11/2005,3/1/2020,4.278627,49.2,96.33,96.33,651786.28,590238.44,False,False,0.003005129611529727
411,Property31484,2/5/2004,1/1/2019,34.9068621,69.8,92.31,92.31,3974529.3,3818195.4,False,False,0.005840791355301629
85842,Property30554,8/11/2005,6/1/2018,8.5,52.5,,,1262867.81,559013.96,False,False,0.008399235279118634
37603,Property11920,5/13/2014,9/1/2024,20.7,67.9,69.3,69.3,2743139.48,5110040.12,False,False,0.0002011254693525747
32384,Property18509,3/14/2007,9/1/2024,12.0,75.0,89.41,89.41,1085233.5,809855.5,False,False,0.019065081975024028
78781,Property17700,4/20/2005,5/1/2018,11.0,80.0,98.16,94.16,1037388.94,1100045.09,False,False,0.003149561578953581
49679,Property12940,9/29/2003,11/1/2019,9.5,79.8,98.0,98.0,934840.16,882527.86,False,False,0.0022874884145773515
15605,Property5397,7/30/2013,8/1/2024,15.765,70.5,98.23,98.23,1333546.8,1790312.8,False,False,0.00013543172240383595
58299,Property2741,11/19/2010,12/1/2020,15.35893169,65.3,89.51,89.51,1817853.48,1804786.18,False,False,0.000667475730611484
71493,Property27262,4/29/2003,1/1/2019,2.19321802,68.5,100.0,100.0,352094.51,352961.43,False,False,0.0007349691690979455
57869,Property15305,5/23/2007,7/1/2023,21.0,76.09,95.42,95.42,1395682.32,2145932.3,False,False,0.0053843340506578045
49696,Property11975,6/13/2007,9/1/2024,5.69217219,73.0,100.0,100.0,561347.89,702176.51,False,False,0.0046302387195082005
113830,Property1735,6/18/2004,4/1/2024,3.59216535,77.9,95.32,95.32,388357.0,416583.63,False,False,0.0015245346769619619
39391,Property36976,5/30/2006,1/1/2020,17.5,79.5,98.38,98.38,1521045.22,1334744.42,True,True,0.10841120215732612
84930,Property27743,3/18/2004,9/1/2024,16.5,55.0,99.87,99.87,2164940.98,2667080.35,False,False,0.0015465505162856397
34745,Property23154,10/31/2006,9/1/2024,0.76958747,62.4,100.0,100.0,318550.03,219991.97,True,True,0.1773510604397247
235893,Property4176,12/21/2006,8/1/2024,8.15,79.9,98.6,98.6,864318.74,343899.37,False,False,0.1164471510884157
44401,Property1490,10/8/2015,9/1/2024,11.21077327,72.3,89.0,89.0,1142282.08,969006.05,True,True,0.14949728324429457
71006,Property10161,6/22/2005,9/1/2024,10.425,60.6,98.07,98.07,1169719.84,1091803.35,False,False,0.0036505894309072566
48532,Property1665,10/4/2006,9/1/2024,2.35,73.4,96.97,96.97,213987.92,197580.76,True,True,0.44334357370072147
71102,Property12573,4/18/2007,9/1/2024,1.053,65.8,88.1,88.1,114529.1,77865.46,True,True,0.3983624428977688
27771,Property3058,12/29/2011,9/1/2024,31.55,65.7,97.2,97.2,2969119.27,3111427.07,False,False,0.00037007630575098486
13176,Property6822,5/8/2007,12/1/2020,5.26061139,71.94,98.04,98.04,533957.21,609428.81,False,False,0.025226387307320044
28842,Property18468,5/5/2004,6/1/2019,8.7313378,54.6,97.4,97.4,1241338.51,1453176.7,False,False,0.0014647616351277204
225450,Property10709,4/7/2004,9/1/2018,5.78853901,79.3,95.64,95.64,620088.72,481965.9,True,True,0.5046421656545241
43110,Property32032,9/29/2005,9/1/2018,2.14504862,56.4,100.0,100.0,251400.47,262837.42,False,False,0.001170393334067599
38188,Property19215,8/3/2006,2/1/2022,22.96062629,66.4,,,2471261.37,1786805.88,False,False,0.005134540432946955
82393,Property29523,9/28/2006,8/1/2024,7.48105628,25.0,,,3355143.64,515471.64,False,False,0.00047203501193606145
18882,Property16334,4/29/2005,12/1/2020,4.71531302,79.92,89.52,89.52,461599.97,522966.19,False,False,0.0004617455078409045
38987,Property9648,6/28/2004,7/1/2015,6.18814282,79.34,96.56,96.56,631394.81,566171.63,True,True,0.21974923599511248
40174,Property25581,8/12/2004,10/1/2016,5.18558619,69.14,100.0,100.0,614279.06,733623.37,False,False,0.0019319959997903093
49677,Property17845,3/23/2006,12/1/2017,15.25,69.95,94.58,94.58,1415288.35,1334360.78,False,False,0.008532396269295642
20905,Property18071,6/5/2003,8/1/2015,1.571691,59.9,100.0,100.0,234304.58,265108.44,False,False,0.0015110672467610292
47414,Property26196,6/23/2005,10/1/2021,3.72,60.3,100.0,100.0,505725.73,720175.5,False,False,0.0013447123337365582
85779,Property20659,6/18/2004,4/1/2024,19.9565659,74.7,100.0,100.0,2042878.31,2559915.17,True,False,0.0749275941070597
22664,Property33527,7/5/2007,9/1/2024,2.99154925,57.86,98.14,98.14,337027.53,398185.19,False,False,0.0026228605120503334
68920,Property2942,6/25/2013,8/1/2024,12.28399243,67.5,81.66,81.66,1307523.96,1685309.29,False,False,0.00033536053037504064
77245,Property4417,6/8/2006,8/1/2021,5.1,67.4,100.0,100.0,545852.55,451949.07,False,False,0.017372039084314218
15845,Property31734,8/9/2007,12/1/2021,5.12542742,54.8,100.0,100.0,575014.06,543233.31,False,False,0.0035234303207017665
17810,Property26503,11/30/2005,9/1/2024,10.1,85.0,,,799527.48,843693.91,True,True,0.4145614164164539
38870,Property36510,11/29/2005,5/1/2021,8.57391876,79.8,98.83,98.83,803491.02,966762.88,False,False,0.0056282718906823575
85718,Property28749,7/30/2007,9/1/2022,4.51,50.1,100.0,100.0,565332.64,564679.31,False,False,0.0016930205290988107
11219,Property31117,6/27/2014,8/1/2024,3.3,60.9,93.12,93.12,277417.38,290199.78,False,False,0.0003611188572766283
2534,Property1596,6/29/2012,8/1/2024,9.89844177,74.1,100.0,100.0,1098012.57,1889754.72,False,False,0.0004469281942126726
34019,Property7915,9/29/2003,11/1/2019,5.9704156,74.0,95.55,95.55,800854.18,504683.98,False,False,0.013975126125790402
11297,Property302,4/29/2003,1/1/2019,4.48495248,47.2,91.4,91.4,934417.87,1132012.52,False,False,0.0006725037435103975
28504,Property26625,8/11/2003,8/1/2020,1.2909227,54.5,95.83,95.83,187711.87,263446.06,False,False,0.0002214410028995472
25435,Property11137,10/19/2004,6/1/2016,14.85698794,54.7,100.0,100.0,15005645.42,17015082.81,False,False,0.003930618714518286
24712,Property36817,4/25/2008,1/1/2020,4.4,30.43,100.0,99.3,913124.21,824561.31,False,False,0.0007827395883571383
13358,Property29170,7/5/2007,9/1/2024,37.0,55.7,71.87,71.87,5797667.84,6759627.38,False,False,0.0018037502241923845
15012,Property13629,11/10/2004,8/1/2024,2.1922935,25.0,98.74,98.74,594345.96,214581.96,False,False,0.00018673871094772518
15674,Property17344,10/19/2004,8/1/2019,3.49082289,60.2,94.3173,94.3173,345275.01,100796.8,False,False,0.01832489750006123
2211,Property23464,4/10/2006,6/1/2021,9.7,53.9,100.0,100.0,1259493.61,1739531.86,False,False,0.002246637276145239
11198,Property24464,2/5/2004,1/1/2019,3.92538257,35.7,79.6,79.6,744179.53,1298610.41,False,False,5.9714717606181005e-05
21575,Property5154,6/22/2011,8/1/2024,7.66942611,67.28,95.43,95.43,882448.87,992178.26,False,False,0.0005529629308400772
21076,Property34153,3/29/2007,9/1/2024,7.4,72.5,80.94,80.94,667865.78,744059.67,False,False,0.005493820375619083
52871,Property1571,3/29/2007,4/1/2022,3.29283182,78.4,100.0,100.0,304709.46,192067.31,True,True,0.5428505729852259
21439,Property29547,9/23/2003,10/1/2021,3.44509875,46.56,89.78,89.78,535745.14,778240.03,False,False,0.00011905763501233791
40829,Property4122,10/30/2012,9/1/2024,13.98270647,73.4,93.99,93.99,1342918.34,1317164.75,False,False,0.0015525944853099325
6678,Property6923,12/22/2006,4/1/2021,2.69078823,73.7,97.49,97.49,281618.45,194747.4,True,True,0.4202288706278655
29495,Property23090,8/11/2003,8/1/2020,5.25,79.5,85.39,85.39,518150.55,436679.79,False,False,0.005878858201698974
82963,Property735,12/28/2004,10/1/2016,4.97470089,64.6,99.1,99.1,632402.5,720410.17,False,False,0.0022092111518633205
55154,Property16883,4/28/2005,9/1/2020,2.4,72.7,,,263307.24,348846.03,False,False,0.0003896845824962419
33283,Property31790,2/7/2013,9/1/2024,2.996602,56.33,87.68,87.68,385752.81,492768.75,False,False,0.0002866564479071627
28718,Property31146,11/9/2005,2/1/2022,2.73088278,79.2,84.43,84.43,245939.43,364213.17,False,False,0.0007139819418590861
118186,Property8820,9/27/2007,9/1/2024,8.48957108,70.2,,,828366.74,1118637.91,False,False,0.003235628764430705
2694,Property30454,8/17/2006,6/1/2021,13.75,72.4,99.44,99.44,1235580.88,994034.76,True,False,0.12895691415512942
38644,Property14386,8/24/2005,8/1/2022,2.78926933,74.9,89.59,89.59,278477.6,373268.41,False,False,0.0005248616768646105
30793,Property9670,12/18/2003,2/1/2017,1.48378215,63.1,88.0,86.0,214943.46,204206.44,False,False,0.0017542818660083576
43115,Property8915,2/28/2013,9/1/2024,17.68,54.07,73.85,73.85,2144598.94,1547584.8,False,False,0.0013936718291907642
48068,Property18989,11/4/2004,11/1/2019,19.15,54.9,99.49,99.49,2380314.89,2489138.72,False,False,0.0022679462285724343
32693,Property24912,6/8/2006,8/1/2021,12.0,25.0,,94.7,3054244.43,718824.43,False,False,0.00027590740736478544
19818,Property4711,12/21/2006,12/1/2021,2.18,74.7,90.05,59.34,231514.73,195338.06,True,True,0.5503542911500214
6393,Property35360,9/29/2014,9/1/2024,2.065,70.0,100.0,100.0,212568.85,288876.76,False,False,0.0005831081784271721
17846,Property29030,2/27/2007,1/1/2024,5.53092929,79.35,97.31,97.31,526750.14,403795.68,True,True,0.37137699540482705
29496,Property12371,8/24/2004,9/1/2022,13.6,80.0,96.61,96.61,1242859.17,1488957.17,False,False,0.004599277969991202
7656,Property24689,10/27/2003,12/1/2020,17.0,77.63,100.0,100.0,1457823.5,1548209.56,False,False,0.0016146514231712777
57392,Property11011,12/29/2004,12/1/2020,8.1,63.3,90.19,90.19,941889.41,865804.04,False,False,0.0018863613854052934
37818,Property22370,4/28/2005,9/1/2020,6.18019014,72.7,,,594145.51,820648.05,False,False,0.0024694620572995826
24324,Property24644,12/28/2007,4/1/2022,23.8,66.11,87.05,87.05,2082006.98,1750115.95,False,False,0.013478654110132276
117126,Property31472,1/27/2005,3/1/2018,8.1,75.0,76.71,76.71,1218929.76,1681347.16,False,False,0.0012297382236722773
58312,Property14631,3/20/2013,11/1/2023,1.2759053,25.0,95.85,95.85,372815.52,83737.52,False,False,0.00029272990206422777
19129,Property20265,8/15/2006,4/1/2017,1.59206595,46.3,95.17,95.17,1085895.39,1239832.61,False,False,0.0006255489316599889
25260,Property35434,4/18/2008,2/1/2024,7.725,77.3,92.2,92.2,738689.95,857990.91,False,False,0.013336172340579726
53227,Property12451,10/30/2006,9/1/2021,6.97336374,56.7,86.38,86.38,991029.17,970928.49,False,False,0.0012100472668038805
21671,Property31304,6/29/2005,8/1/2024,14.925,72.5,93.64,93.64,1250182.38,1779243.56,False,False,0.000317738369863077
25286,Property15847,5/30/2007,9/1/2024,3.78761615,74.9,91.12,89.46,369829.62,447397.01,True,True,0.4335312615129124
37972,Property4854,8/23/2006,10/1/2022,6.0,60.0,100.0,100.0,624741.39,602955.37,False,False,0.0011626264951359075
80422,Property17330,10/30/2006,8/1/2024,3.74785602,64.34,99.21,99.21,332586.75,435809.43,True,True,0.3355251618928207
2038,Property12297,6/29/2006,8/1/2019,3.6,63.2,98.08,98.08,387677.08,317288.32,False,False,0.0033060654123287995
52647,Property7956,10/13/2005,7/1/2019,8.47129914,52.95,95.41,95.41,1107220.52,1005639.04,False,False,0.001348447180773619
13025,Property26206,2/6/2003,6/1/2017,1.39545776,58.1,100.0,100.0,203406.7,227420.07,False,False,0.0010674835705949761
24895,Property15403,8/28/2007,9/1/2024,3.5,74.47,100.0,100.0,287285.24,282928.79,False,False,0.005137471630479209
16964,Property3621,9/27/2007,9/1/2024,2.99520867,57.6,,,342551.34,462589.71,False,False,0.001895984421585151
41509,Property7742,3/29/2007,12/1/2020,4.5,68.44,71.14,71.14,359780.45,545483.44,False,False,0.0004356460518860237
40312,Property31420,6/22/2011,8/1/2024,52.95020949,69.67,86.7,86.7,5029144.73,2612244.75,False,False,0.021340234507581077
115886,Property32834,11/29/2007,8/1/2024,15.765,79.7,90.09,90.09,1251384.83,1073250.78,True,True,0.3810739181970369
117787,Property21949,7/23/2004,2/1/2017,3.74624395,74.92,100.0,100.0,396326.24,205663.02,False,False,0.05526016463853689
63201,Property22728,3/14/2007,9/1/2024,0.8,56.1,99.33,99.33,79391.82,102844.54,False,False,0.00044845653277975626
1913,Property14794,3/14/2003,1/1/2018,18.18078255,76.6,90.13,90.13,2032220.49,2133143.28,False,False,0.001810963094355755
40894,Property228,2/4/2004,1/1/2018,11.74970198,79.4,94.37,94.37,1221616.0,1278404.86,False,False,0.0014500954755311672
13028,Property37692,7/30/2007,9/1/2022,11.98732797,36.1,71.75,71.75,2147648.96,3348468.64,False,False,0.0006153749608887176
114290,Property30215,2/23/2005,7/1/2017,10.17161468,66.5,100.0,100.0,1364186.86,281742.84,False,False,0.020978516436731452
24664,Property30081,11/21/2006,11/1/2022,1.39480145,77.49,100.0,100.0,156316.93,-24982.27,False,False,0.16316272555592798
57457,Property28968,8/9/2011,8/1/2024,6.7801441,67.8,98.32,98.32,687770.15,789841.39,False,False,0.00015321591080444597
37605,Property6024,6/12/2008,2/1/2024,7.48887055,72.01,96.11,96.11,831092.67,525489.69,False,False,0.023052539122452084
117872,Property26873,12/21/2006,12/1/2021,6.97973807,69.9,93.71,86.86,669593.81,183814.62,True,True,0.4589900333086029
70293,Property29260,6/28/2006,8/1/2017,8.1,60.9,100.0,90.35,796374.61,476011.27,False,False,0.012681512027816748
58517,Property10361,8/15/2013,8/1/2024,13.18049276,64.85,76.88,76.88,1937593.87,2086172.81,False,False,0.00018559656427506643
5014,Property15288,11/4/2005,9/1/2024,12.7,77.4,100.0,100.0,1014247.74,1504202.93,False,False,0.0008518296234488565
9447,Property15079,6/29/2005,7/1/2021,2.54224927,61.1,60.3,60.3,243815.03,306163.62,False,False,0.0013516157279955794
73450,Property17500,1/30/2007,9/1/2024,0.99875097,57.4,100.0,100.0,112140.38,118041.96,False,False,0.0027656687180518036
77365,Property28025,2/19/2014,9/1/2024,1.89624408,32.7,99.12,99.12,265242.29,168077.97,False,False,0.00015663718118317404
87480,Property800,8/14/2014,8/1/2024,5.25,71.92,72.75,72.75,803323.7,425714.84,True,True,0.1945393114331248
142,Property33578,4/30/2013,9/1/2024,8.8,74.89,100.0,100.0,1242725.46,1379844.33,False,False,0.0010637222097344481
49024,Property5473,11/19/2010,12/1/2020,55.82803548,54.73,95.46,95.46,8795647.81,7918169.78,False,False,0.008354522389161914
36307,Property17436,3/16/2006,11/1/2018,19.0,76.3,94.77,87.26,1668259.63,1276228.62,True,False,0.10748522708618738
80686,Property10028,3/20/2014,9/1/2024,7.2,56.25,91.65,91.65,850943.51,732388.04,False,False,0.0005304416404574337
16911,Property30655,3/29/2007,12/1/2020,2.0,63.09,100.0,100.0,249891.51,248855.42,False,False,0.0073474062867813356
53296,Property24960,11/9/2006,9/1/2024,5.03,74.0,97.54,97.54,459695.57,324535.88,True,True,0.4827366805333041
81477,Property9598,6/29/2006,11/1/2021,11.55,75.0,79.37,79.37,1579942.66,2317800.94,False,False,0.000782816922417749
34492,Property14933,6/29/2005,7/1/2021,2.95418833,77.7,99.88,99.88,294202.87,299114.87,False,False,0.007073727504131105
12892,Property3113,7/30/2003,12/1/2015,23.0,66.3,79.68,79.68,2568542.16,2843530.62,False,False,0.0013680819992235266
84800,Property27113,11/29/2007,9/1/2024,4.1,74.5,94.42,73.07,397475.13,433570.2,True,False,0.09174779173027638
14189,Property34405,6/6/2007,2/1/2019,8.2,80.0,100.0,100.0,747072.96,179860.22,True,True,0.49388860402884394
18720,Property8115,12/28/2005,11/1/2018,7.1,80.0,79.73,79.73,787356.27,-718391.43,True,True,0.7939127600436495
23421,Property2083,8/7/2012,2/1/2023,19.94407639,60.8,85.1,85.1,2847926.48,4405734.06,False,False,7.956667622710085e-05
39261,Property22630,12/19/2006,2/1/2022,6.98983657,67.5,96.0,96.0,694414.96,644752.78,False,False,0.0008111619664750728
12479,Property21246,8/25/2004,11/1/2015,1.74607794,79.37,100.0,100.0,138043.48,189669.91,False,False,0.0008008876209397929
33153,Property3380,6/13/2007,9/1/2024,1.62,61.6,100.0,100.0,168790.22,194898.72,False,False,0.002845560786006967
117810,Property18767,10/27/2005,8/1/2024,5.71632443,57.74,98.73,98.73,815458.05,671163.55,True,True,0.3029584506351534
38201,Property14228,2/1/2006,11/1/2021,8.43415782,67.5,58.38,58.38,970384.46,1001810.66,False,False,0.0010796232558912442
12881,Property11641,12/28/2007,4/1/2022,10.9,68.55,98.02,98.02,1066782.96,491464.91,True,True,0.4335419977297621
16245,Property10752,7/28/2005,12/1/2020,1.06298135,32.7,,,203886.99,210406.8,False,False,0.0003864569378286303
13360,Property25912,4/11/2003,11/1/2022,1.32040051,57.4,98.9,98.9,193869.66,279720.63,False,False,0.0006093111069226391
59320,Property26393,9/28/2006,11/1/2021,7.0,50.7,98.95,98.95,937680.94,773781.62,False,False,0.0008580543871455945
26883,Property9928,9/28/2005,2/1/2023,4.035,79.59,88.96,88.96,359364.1,417453.6,False,False,0.00408183249590582
58846,Property2120,6/29/2007,5/1/2022,13.6,79.6,96.39,96.39,1062994.08,975446.8,False,False,0.005313474276508755
65726,Property27290,6/30/2005,5/1/2016,105.0,51.47,96.24,96.24,14821856.15,15340209.79,False,False,0.001836177656046874
40434,Property16967,7/23/2004,2/1/2017,4.9,76.56,92.93,92.93,511113.76,373404.57,False,False,0.0271117149824149
114655,Property29660,4/26/2012,8/1/2024,10.19070101,72.8,83.02,83.02,1178451.91,1020291.08,False,False,0.0027421768006795047
358,Property14131,5/9/2007,8/1/2024,43.36,80.0,90.18,90.18,3228961.13,2743335.39,True,True,0.32679049360049955
79093,Property13420,6/21/2007,1/1/2021,1.18319319,59.2,100.0,100.0,141485.66,165102.29,False,False,0.0009937277763412084
16479,Property34686,3/14/2003,1/1/2018,0.69599384,28.0,97.77,92.77,175519.23,67528.23,False,False,0.00013129338596720234
59404,Property25267,11/30/2005,9/1/2024,21.505,79.6,,,2140358.78,1649299.74,False,False,0.02177610345572643
48145,Property21913,11/13/2007,8/1/2024,1.024,49.95,100.0,100.0,127648.9,79899.98,False,False,0.003065023256093354
55175,Property12595,12/30/2013,8/1/2024,5.59361246,77.7,99.89,99.89,577233.75,781863.57,False,False,0.00020766510680699302
65709,Property37382,3/31/2004,5/1/2021,19.2,73.0,100.0,100.0,2310755.02,2266560.66,False,False,0.01612654052824396
8073,Property11772,11/14/2007,12/1/2021,19.93,78.5,95.04,95.04,1988743.52,1111294.62,True,True,0.46857526122235593
77432,Property14381,10/14/2003,8/1/2018,8.86987633,68.2,89.2,89.2,1157906.19,983121.07,False,False,0.0031415645840540823
53035,Property10617,2/28/2013,9/1/2024,215.0,46.72,99.99,99.99,33692527.82,25631150.64,False,False,0.0012765180581382326
82754,Property17757,3/23/2006,1/1/2023,3.47703597,74.38,100.0,100.0,313857.21,282939.06,False,False,0.0065321798740720985
168223,Property17759,9/29/2006,6/1/2022,5.0,62.5,100.0,100.0,556634.35,457543.56,False,False,0.008527375132932799
13739,Property35444,4/15/2003,9/1/2018,2.33858223,79.27,96.53,96.53,250068.9,210122.87,False,False,0.004169180951543002
2565,Property4857,9/21/2006,10/1/2021,23.12,79.18,100.0,100.0,2069215.59,1731303.07,True,False,0.12352893297420911
46383,Property7542,6/11/2004,1/1/2024,19.4051061,75.4,92.65,92.65,1944070.28,2070570.63,False,False,0.003863063604950085
13116,Property28145,8/19/2005,9/1/2024,23.5,77.05,93.67,93.67,1961912.19,1690789.64,True,True,0.24359267231620504
21016,Property14066,11/13/2007,8/1/2024,16.01,79.97,86.82,86.82,1224147.67,1643815.49,True,True,0.0725240997408094
24637,Property8854,9/30/2013,9/1/2024,60.0,62.5,100.0,100.0,5131377.17,5785413.8,False,False,0.00026099102116682884
33901,Property37251,5/22/2014,9/1/2024,45.5,53.53,99.1,99.1,3701070.32,3676327.72,False,False,0.00015930324818696164
169460,Property22405,1/30/2007,9/1/2024,2.142,51.0,98.55,98.55,246055.1,246056.48,False,False,0.0017095874895284688
77372,Property22228,3/14/2003,1/1/2018,2.8072547,79.6,91.97,91.97,319647.64,-19867.83,True,True,0.5360387592566228
115118,Property28513,3/20/2003,2/1/2018,84.805688,57.3,98.58,98.58,12994910.85,10932879.54,False,False,0.0019664440409082936
18833,Property24055,3/8/2007,9/1/2024,9.55840385,65.02,74.4,74.4,1192059.85,806918.85,True,False,0.06459174730896969
15527,Property33157,4/12/2007,12/1/2022,46.8,79.3,100.0,100.0,3784605.59,4062703.49,False,False,0.027326583207755765
38618,Property21078,4/10/2006,6/1/2021,8.867043,44.8,95.43,95.43,2403708.74,3993003.18,False,False,0.001335327736363435
77452,Property33608,6/28/2007,4/1/2022,36.75,79.89,83.28,23.08,3266320.0,-822036.13,False,False,0.15759941085412557
78424,Property7502,11/28/2006,9/1/2024,59.80345009,71.2,57.45,57.45,7090630.44,4167608.57,True,True,0.40761539961881305
58858,Property32848,12/19/2012,8/1/2024,2.59681777,48.1,93.38,93.38,294477.78,390139.19,False,False,0.0001231230463718039
18952,Property65,2/6/2003,6/1/2017,3.60286865,28.8,91.46,91.46,772627.03,1447719.16,False,False,0.00022858026934897087
48010,Property33259,8/23/2005,10/1/2020,3.55,66.98,96.41,96.41,337902.27,68239.93,False,False,0.048162425062700895
77520,Property12332,3/30/2005,3/1/2020,13.344831,76.92,100.0,100.0,1213727.14,1411990.04,False,False,0.004194337710709297
69928,Property21587,6/13/2007,9/1/2024,2.2969482,64.3,100.0,100.0,219131.69,228175.7,False,False,0.00614322404146113
7122,Property24144,11/13/2012,9/1/2024,10.3842685,60.0,84.38,84.38,1115331.87,1177589.36,False,False,0.00027050165463107095
27442,Property13406,6/29/2006,11/1/2021,1.99849555,64.5,98.79,98.79,237567.11,199578.48,False,False,0.009297223995184642
17838,Property15739,12/29/2004,12/1/2020,5.58869508,69.9,94.68,94.68,595371.33,575265.45,True,True,0.5155520714737527
322,Property5208,3/20/2012,9/1/2024,15.38146172,67.8,90.54,90.54,1656843.7,1886763.09,False,False,0.0006798471905773879
11889,Property24,2/4/2004,1/1/2018,3.884,75.4,97.35,97.35,341999.64,342086.01,False,False,0.001928820634265695
11352,Property30710,1/27/2005,3/1/2018,7.99039824,49.94,63.97,63.97,1080403.46,1181724.89,False,False,0.0005618960229858482
301,Property35897,7/29/2005,12/1/2020,5.67544138,71.8,89.22,99.72,589834.24,612747.58,True,False,0.006535092435389064
7623,Property5075,4/29/2003,1/1/2019,2.88736335,74.0,100.0,100.0,367961.35,360821.05,False,False,0.00404386340160597
31010,Property24036,11/4/2005,9/1/2024,6.335,73.7,77.35,77.35,687560.45,832106.06,False,False,0.0008753299528351841
174352,Property32554,3/21/2006,2/1/2021,2.09623797,52.4,97.73,97.73,212908.1,252562.59,False,False,0.000498724675773475
80760,Property24979,6/21/2005,5/1/2024,1.34391712,74.7,98.74,98.74,132261.21,110547.57,False,False,0.0063421668075992355
52577,Property36602,8/24/2004,9/1/2022,19.0,76.6,95.15,95.15,1717694.13,1906409.43,False,False,0.003938720358929737
36434,Property9129,9/29/2014,9/1/2024,3.2199212,64.7,99.91,99.91,377861.93,310395.32,True,False,0.00326991738217173
33356,Property10689,5/25/2006,9/1/2024,2.39549279,79.85,98.5,98.5,226952.64,230421.57,False,False,0.02035933353744206
28910,Property26581,5/30/2006,1/1/2020,8.75,77.4,96.21,96.21,751878.39,916020.17,False,False,0.0008848667601482321
77185,Property25691,6/5/2003,8/1/2015,6.34401,69.3,98.0,98.0,795264.83,885688.17,False,False,0.000553184333833623
81755,Property3800,3/14/2006,8/1/2024,7.94995013,65.16,73.05,73.05,1053591.15,644090.15,False,False,0.026401879805827363
56156,Property16873,4/29/2005,12/1/2020,13.25,65.41,97.26,97.26,1049874.17,1196734.94,False,False,0.0015419577665025646
57660,Property10725,6/29/2006,8/1/2019,14.8,68.8,99.34,99.34,1566295.34,1362381.09,False,False,0.01687548202856508
18074,Property11291,8/9/2007,12/1/2021,3.85693162,75.3,68.53,68.53,527009.15,35657.09,True,True,0.639849486704512
39018,Property12235,4/25/2008,1/1/2020,49.0,79.03,90.78,92.23,4447298.3,4509937.1,True,True,0.5064388511440423
33895,Property8602,6/22/2005,9/1/2024,1.545,72.2,100.0,100.0,152111.59,134679.24,False,False,0.005623283096772333
34695,Property34670,7/28/2005,12/1/2020,1.19242173,51.6,,,144279.6,155575.7,False,False,0.000543318136121421
45429,Property34757,3/7/2007,1/1/2024,4.3,76.79,100.0,87.74,439539.92,334741.98,False,False,0.05766914028492198
166234,Property14756,8/30/2007,9/1/2024,1.63,77.1,98.59,98.59,273196.12,320312.79,False,False,0.038949363065092876
117134,Property9656,5/30/2007,9/1/2024,1.0,55.6,99.2,99.2,102703.22,107525.58,False,False,0.0015541766707485134
23213,Property8385,2/28/2013,9/1/2024,10.03769744,74.35,99.69,99.69,1123384.14,1257228.97,False,False,0.00032567662640198573
86548,Property27336,3/30/2005,3/1/2020,13.5,75.0,99.04,99.04,1158356.13,1362465.92,True,False,0.01091885741921394
40425,Property3438,9/30/2014,9/1/2024,14.25,74.41,88.57,88.57,1403498.65,1539128.7,False,False,0.0022276350375136935
70264,Property30865,1/27/2005,6/1/2018,4.47288493,63.9,90.79,90.79,512934.02,585101.63,False,False,0.0011806353236491407
117754,Property11030,6/22/2005,9/1/2024,6.9,79.8,97.91,97.91,614644.46,841230.64,False,False,0.0023233012495774506
81154,Property12885,11/21/2006,11/1/2022,16.5,78.57,94.32,94.32,1741262.73,1676874.73,False,False,0.02312922159617132
26492,Property20768,10/25/2007,6/1/2021,2.464,60.8,,,320756.57,323664.27,False,False,0.004190677717089757
50211,Property34874,4/20/2006,7/1/2021,3.2,56.6,98.83,98.83,323910.47,239125.89,False,False,0.000887108542561862
55122,Property30413,7/30/2007,9/1/2022,8.25413859,71.8,98.31,98.31,773338.45,795417.78,False,False,0.0033633427103876914
33403,Property32028,2/10/2005,8/1/2022,37.70132546,68.42,84.47,85.79,6807441.19,4587791.21,True,True,0.37573954006512095
78686,Property17992,5/25/2005,9/1/2020,1.32726269,66.36,100.0,100.0,260648.43,96330.54,False,False,0.0095239155345426
22049,Property29759,12/19/2012,8/1/2024,5.19375195,58.4,98.0,98.0,512245.19,614999.26,False,False,0.0013972216294029138
18713,Property31720,11/21/2006,11/1/2022,17.5,62.78,91.97,91.97,2174875.21,851641.92,True,True,0.3484694157281176
18685,Property25984,12/20/2012,9/1/2024,8.8,73.95,75.43,75.43,1100487.9,809606.39,False,False,0.010734545018634531
34510,Property14750,12/23/2013,8/1/2024,7.5,25.0,97.59,97.59,3167776.83,-151341.17,True,False,0.0014293135738994622
83999,Property8690,12/23/2003,1/1/2018,17.0,78.16,72.65,72.65,1813791.64,1798176.94,False,False,0.018327569872884936
63784,Property23925,11/25/2003,9/1/2018,4.32416458,64.5,64.57,64.57,586673.09,292087.99,False,False,0.009798015914696031
6989,Property21014,12/19/2006,2/1/2022,11.9,63.3,82.09,82.09,1316319.64,1107338.54,False,False,0.010330488616084921
40531,Property6392,9/26/2003,9/1/2024,2.04898632,53.8,100.0,100.0,307529.77,299960.77,False,False,0.0008408022044571758
228069,Property17812,2/6/2003,6/1/2017,14.995,62.7,100.0,100.0,2028099.96,1877382.1,False,False,0.0023143317245298365
58207,Property4288,6/24/2014,9/1/2024,2.7,73.0,98.59,98.59,246463.23,318239.7,False,False,0.0003472346410344571
178990,Property35018,11/25/2003,6/1/2015,2.99628245,73.08,100.0,100.0,354180.98,286020.29,False,False,0.009812038862003245
55943,Property28590,12/5/2003,6/1/2023,1.49046252,72.7,81.32,81.32,198080.16,96660.81,True,True,0.35318464504232355
56637,Property36764,8/25/2004,9/1/2023,5.47519087,79.9,95.45,95.45,534141.63,420343.73,True,True,0.35807979038984916
46745,Property18931,8/23/2005,10/1/2020,7.9892826,69.17,79.47,79.47,1265807.61,627614.45,True,True,0.33163236295263304
114589,Property3057,12/12/2014,8/1/2024,100.0,26.8,97.38,97.38,31281448.54,42003046.21,False,False,0.0005918520979156105
6235,Property18639,3/18/2011,8/1/2024,10.78011036,59.0,81.46,81.46,1682565.93,1799727.94,False,False,0.0003084834174489188
1965,Property10326,2/29/2008,12/1/2020,17.0,70.8,93.91,93.91,1493102.0,1200663.23,False,False,0.01577846009326152
84056,Property35281,3/7/2007,1/1/2024,31.84,80.0,100.0,100.0,2437033.88,2860380.39,False,False,0.05693409032217751
10474,Property19208,8/24/2005,6/1/2020,19.85476318,74.9,97.74,97.74,1879959.6,1512905.27,False,False,0.004503701794470503
3122,Property9146,12/15/2015,9/1/2024,17.55,74.7,78.28,78.28,2195208.76,389495.12,True,True,0.2677224373297062
6408,Property2509,12/19/2006,2/1/2022,8.9,70.6,100.0,100.0,876378.37,934703.71,True,True,0.4020639666142066
28903,Property20023,4/12/2005,7/1/2022,3.42804144,71.42,100.0,100.0,374515.61,478360.69,False,False,0.001504246636355188
9042,Property4935,10/16/2018,8/1/2024,4.1,61.3,83.74,83.74,404974.11,594128.02,True,False,0.0005353532798515524
40512,Property3422,6/30/2004,12/1/2019,11.0,60.4,96.82,96.82,1471794.14,1552677.94,False,False,0.002245753299912496
24319,Property15595,5/20/2004,10/1/2019,1.376027,72.4,100.0,71.63,156136.12,123457.49,False,False,0.01793645762554071
54371,Property19367,11/29/2007,9/1/2024,1.99272637,56.1,100.0,100.0,209545.94,187568.46,True,False,0.03936483602917282
56333,Property31970,1/30/2007,9/1/2024,2.49057882,67.3,91.75,91.75,258245.45,142108.83,False,False,0.011684573166168674
7701,Property16763,7/30/2012,9/1/2024,84.0,56.76,92.92,92.92,10061388.52,11175377.45,False,False,0.0030075555628093927
113292,Property19393,4/10/2006,6/1/2021,2.18870108,69.5,57.43,57.43,359755.18,-147870.95,True,True,0.6233335851348396
35782,Property26826,12/20/2005,9/1/2024,4.44522917,79.4,100.0,100.0,367480.17,388995.25,False,False,0.009196149480914882
18878,Property8342,12/14/2005,2/1/2021,2.736,80.0,100.0,100.0,193703.21,221423.53,False,False,0.0011449318432359924
48318,Property32924,7/17/2012,9/1/2024,5.74340454,72.7,87.04,87.04,557172.82,911948.4,False,False,6.733799179612847e-05
8025,Property23730,11/21/2006,11/1/2022,5.0,65.79,80.1,80.1,577764.99,435217.75,False,False,0.022940724469834594
18259,Property4811,6/30/2004,8/1/2019,5.97422088,73.8,99.9,99.9,677941.76,797940.31,False,False,0.0032718915304469983
52870,Property7472,2/21/2013,8/1/2024,4.4134222,74.8,86.82,86.82,484510.71,588031.83,False,False,0.0005428618102145577
9111,Property33181,2/27/2007,1/1/2024,3.34351666,72.06,100.0,100.0,338227.67,361831.35,False,False,0.010248649594207484
72398,Property19798,6/29/2012,8/1/2024,60.0,72.5,89.29,89.29,5448184.06,4943314.91,False,False,0.00546610141802229
85742,Property8679,6/29/2005,7/1/2021,7.25,74.4,95.94,95.94,710215.2,729294.58,False,False,0.0014932042447209377
37911,Property15962,11/29/2007,8/1/2024,3.6,69.2,94.3,94.3,370111.3,600969.73,False,False,0.0013560515249308016
67129,Property13586,9/30/2003,10/1/2017,3.325,64.9,82.8,82.8,347169.9,287040.04,False,False,0.006409608833440904
33601,Property21441,10/14/2003,8/1/2018,1.79590795,65.3,98.29,98.29,231286.9,211060.32,False,False,0.002165280839878091
12018,Property10805,6/29/2005,7/1/2021,4.45,50.6,100.0,100.0,381704.72,428704.9,False,False,0.0010967726653810868
23898,Property15185,11/14/2007,9/1/2024,13.1,79.9,99.07,99.07,1178517.16,979926.77,True,True,0.311701794919762
17542,Property32377,2/14/2014,8/1/2024,28.05,75.0,97.32,97.32,2287984.84,2860254.35,False,False,0.00029025214998449906
27701,Property11682,8/23/2005,10/1/2020,3.49300746,72.02,100.0,100.0,368417.51,205283.91,True,True,0.4329855303090122
58315,Property3943,11/20/2013,8/1/2024,8.75,75.0,90.46,90.46,892000.21,1325563.97,False,False,0.0001869047144558684
53634,Property22216,8/30/2007,6/1/2022,9.7,77.0,99.15,99.15,919853.6,1884456.22,False,False,0.00142438818138018
9952,Property26879,12/28/2005,3/1/2019,190.0,72.7,87.92,89.01,17887198.12,21108824.42,False,False,0.00563590300491954
10722,Property18433,11/10/2004,12/1/2019,5.0,79.4,99.77,99.77,566875.09,543213.7,False,False,0.007760500471927261
48353,Property32067,8/22/2007,9/1/2024,1.8474,79.46,84.35,84.35,173093.71,256712.6,False,False,0.0016272158823554851
18203,Property30994,3/29/2005,9/1/2019,3.58935754,62.1,98.75,98.75,410573.75,409660.48,False,False,0.00161626787027326
43180,Property11991,3/7/2006,8/1/2024,250.0,71.43,98.03,98.03,23914550.99,16780081.42,True,True,0.2644040930264548
21008,Property22484,9/28/2005,2/1/2023,10.4,74.29,93.55,93.55,968034.74,923679.2,False,False,0.0030514368664571676
3476,Property20667,3/7/2006,8/1/2024,3.78733272,75.75,100.0,100.0,312174.03,254589.68,False,False,0.02921083495448289
1182,Property19242,11/14/2007,9/1/2024,8.09091114,71.0,93.23,93.23,751146.12,412722.17,False,False,0.12288690593260246
7713,Property13332,4/15/2003,9/1/2018,8.0,78.05,93.99,93.99,873118.69,1002681.93,False,False,0.0017886561050999453
41623,Property2731,7/10/2007,9/1/2024,25.0,79.62,99.5,99.5,2064443.16,1352717.34,True,True,0.48031424192742006
37959,Property25945,6/18/2004,4/1/2024,6.07380931,78.9,99.22,99.22,540232.87,582588.22,True,False,0.0022947786135095634
84057,Property1324,9/29/2005,9/1/2018,7.425,79.8,100.0,100.0,756928.9,788018.29,True,True,0.32714469413805974
47888,Property18876,8/17/2006,9/1/2019,10.31,61.15,99.14,99.14,782825.11,1007544.55,False,False,0.00022349698965231412
71111,Property25989,6/24/2010,8/1/2022,12.38702621,56.2,92.66,92.66,1573765.02,1739677.87,False,False,0.0016820724561243561
4384,Property2010,4/4/2012,6/1/2022,1.94606857,64.9,86.69,86.69,233487.8,336072.0,False,False,0.00021725266762321783
56013,Property26699,9/30/2003,10/1/2017,13.17963067,69.4,99.4,99.4,1652442.96,2103075.49,False,False,0.0013833529025661648
180263,Property18321,8/30/2007,6/1/2022,6.925,85.0,99.55,99.55,577545.11,593304.96,True,True,0.3694479888910328
56238,Property24432,3/8/2007,9/1/2024,9.6,78.37,71.39,71.39,1016562.1,894726.46,True,True,0.2935900074760423
1951,Property34519,5/2/2013,8/1/2024,5.125,27.26,94.43,94.43,1344415.24,1912607.21,False,False,0.00022310270740720717
70406,Property19477,8/12/2014,9/1/2024,4.0,73.4,100.0,100.0,377425.13,140625.57,False,False,0.008519121484090775
18976,Property10808,12/21/2004,9/1/2024,24.0,75.0,90.73,90.73,2632892.94,2054116.02,False,False,0.012892404450246175
57479,Property12160,8/3/2006,2/1/2022,1.16938704,40.9,,,155135.29,170537.34,False,False,0.0008070632389927176
43656,Property7452,9/29/2005,9/1/2018,1.6,29.1,93.28,93.28,332656.82,519826.61,False,False,0.00010727973260982805
53827,Property7177,6/27/2014,8/1/2024,8.2,72.9,92.78,92.78,748309.41,720861.8,False,False,0.0010216034471153112
19871,Property4892,8/23/2007,6/1/2022,46.5,60.2,100.0,100.0,3595668.79,3075606.37,False,False,0.002443510426195865
5470,Property24262,6/8/2006,8/1/2021,5.75,65.7,99.53,99.53,617987.93,694984.24,False,False,0.00129940661522235
33314,Property4954,6/7/2006,6/1/2018,8.45,67.06,67.41,67.41,1006399.35,1019522.2,False,False,0.002020646295437656
81020,Property29037,10/30/2007,12/1/2019,7.1,74.74,100.0,100.0,673708.29,734359.95,True,True,0.3336455963658825
19456,Property22866,12/9/2013,9/1/2024,3.8,74.51,94.26,94.26,344297.51,504282.67,False,False,0.00016952365445341026
41787,Property18183,8/17/2006,9/1/2019,10.2,70.34,94.69,94.69,1003226.58,982830.2,False,False,0.004946059869382158
116586,Property37820,3/30/2006,8/1/2021,23.25,75.0,84.61,84.61,2637943.35,3090464.65,False,False,0.0008401121578201127
4412,Property20934,12/28/2007,4/1/2022,17.25,67.38,96.14,96.14,1426897.29,1574149.22,True,True,0.15031165803864263
37935,Property7263,3/22/2006,8/1/2024,5.24926787,72.9,75.58,75.58,729263.82,1326369.93,False,False,0.000558080820667483
35644,Property29387,11/3/2005,10/1/2018,8.11,72.41,87.97,87.97,745629.25,776569.64,True,True,0.2852266508482425
14957,Property21779,6/30/2004,12/1/2019,12.58944636,71.9,100.0,84.01,1496016.0,1118623.2,False,False,0.029442820682627387
35796,Property17168,12/28/2004,10/1/2016,7.97792861,75.3,100.0,100.0,896351.87,1249490.43,False,False,0.0020732105212202478
18199,Property23437,5/30/2007,9/1/2024,1.19776134,72.2,95.1,98.3,115011.82,158534.68,False,False,0.004695470389108985
117010,Property12254,9/23/2003,10/1/2021,1.94449816,44.19,99.62,99.62,251205.2,100637.18,False,False,0.000351183852815342
10325,Property30198,3/30/2006,8/1/2021,7.98880511,77.6,100.0,100.0,837263.93,647092.71,False,False,0.04477248494853642
2574,Property6241,11/9/2005,2/1/2022,1.29611027,76.2,94.41,99.41,130774.39,117566.34,False,False,0.0021808828709323474
88299,Property35471,12/21/2006,5/1/2024,6.39003778,77.9,100.0,100.0,608290.02,563712.5,False,False,0.010906083397667528
33770,Property26900,3/29/2007,4/1/2022,1.40127474,75.74,99.49,99.49,129522.43,134636.49,False,False,0.01220677763701545
10004,Property15335,3/23/2006,12/1/2017,12.16,79.54,95.46,95.46,976373.36,1466134.67,False,False,0.0005388782431739266
9995,Property20033,5/23/2016,8/1/2024,7.96206045,69.2,77.05,77.05,976106.42,941885.42,True,True,0.05600136605489236
15921,Property9806,11/9/2004,5/1/2019,5.68,80.0,94.94,94.94,503183.05,547298.64,False,False,0.001988110967559396
52857,Property25624,6/29/2007,5/1/2022,3.25,69.1,72.0,72.0,309028.35,274554.82,False,False,0.019833820653690406
82474,Property16367,7/19/2016,9/1/2024,1.68427357,61.7,97.98,97.98,203551.86,171279.71,True,True,0.0935782453617492
116268,Property18711,3/30/2005,3/1/2020,2.6,74.29,100.0,100.0,263346.43,258021.97,False,False,0.0029875190889163666
37574,Property5954,9/30/2013,9/1/2024,9.0,69.23,81.35,81.35,1238419.87,2112504.19,True,False,0.0004439244165040357
26501,Property5076,3/16/2007,7/1/2022,7.896081,78.4,92.76,92.76,2769219.6,3961993.54,False,False,0.0007442399433344424
24240,Property34170,6/23/2005,10/1/2021,5.5,79.7,100.0,86.15,562959.68,481686.77,True,True,0.4138702983112459
115406,Property37800,8/17/2007,6/1/2021,9.49319463,77.18,83.05,83.05,1050185.35,981933.48,False,False,0.007559131792547487
24525,Property18604,12/21/2006,2/1/2020,345.0,75.5,95.18,95.18,65918995.58,82049050.92,False,False,0.008554208186048934
21126,Property15563,12/23/2013,8/1/2024,7.98946518,25.0,96.39,96.39,2941293.13,897754.13,False,False,0.00014151020509336527
57213,Property25777,3/21/2006,2/1/2021,2.2958719,72.9,99.14,99.14,217165.48,247085.31,False,False,0.0043985736642353284
81934,Property34813,12/8/2014,9/1/2024,6.5,72.2,87.33,87.33,530676.46,794065.15,False,False,0.0001940782122085796
16297,Property26530,11/29/2007,9/1/2024,22.1,72.7,97.61,98.43,1438318.81,1816133.13,False,False,0.0004958064248560396
60039,Property29000,3/28/2003,11/1/2019,2.38472305,74.5,100.0,100.0,290770.57,314221.77,False,False,0.0016926343457740415
51847,Property274,9/28/2006,8/1/2024,2.79424222,73.5,100.0,100.0,318601.2,261903.17,False,False,0.012171507259575652
33224,Property13156,4/12/2005,7/1/2022,10.75,63.38,91.38,91.38,950787.03,987571.85,False,False,0.0009253900134337865
59,Property29514,3/29/2007,4/1/2022,0.99867984,25.0,,,335777.05,117163.05,False,False,0.00020551264827609278
2707,Property25183,3/30/2005,3/1/2020,24.29723752,77.63,99.01,99.01,2266960.59,2485253.03,False,False,0.017303418281452213
85097,Property21728,8/24/2005,6/1/2020,4.0,74.1,65.02,65.02,352890.61,384624.02,False,False,0.00172558018676501
25172,Property25450,9/26/2003,9/1/2024,9.11999214,69.6,99.78,47.7,1118497.32,331333.53,True,True,0.29438702570720293
49213,Property12775,7/31/2014,9/1/2024,10.5,75.0,94.32,94.32,971719.43,1373537.3,False,False,0.00022449419751173588
40656,Property2238,11/23/2004,8/1/2021,5.19528318,77.5,100.0,100.0,478018.81,489228.21,True,False,0.0059023500576647
77423,Property29183,6/22/2005,9/1/2024,1.99799275,33.3,90.53,90.53,358953.54,343978.15,False,False,0.0005971233627771708
63636,Property28641,6/14/2007,10/1/2021,6.6,60.55,67.43,67.43,921359.2,759807.85,False,False,0.014511107402413497
10182,Property8898,10/30/2006,9/1/2021,2.94108977,63.7,100.0,100.0,1374610.25,1430084.78,False,False,0.015739837306604845
11648,Property32476,12/22/2006,4/1/2021,2.15,61.4,100.0,100.0,210648.53,72978.28,True,True,0.46005184977970304
49224,Property16294,6/25/2013,8/1/2024,1.6360841,51.9,82.56,82.56,236579.03,401295.01,False,False,0.0005246547714142457
84966,Property1884,6/29/2006,11/1/2021,8.25,56.9,99.61,99.61,923552.5,1051200.53,False,False,0.0012079190566046825
81460,Property2879,12/21/2004,9/1/2024,14.45688067,71.2,100.0,100.0,1419415.43,1589982.33,False,False,0.0018190568824893146
39041,Property26720,3/30/2005,3/1/2020,36.14447593,61.68,97.9409,97.9409,4178939.42,1698022.81,False,False,0.11260389959087128
38686,Property16096,8/9/2011,8/1/2024,20.91874944,70.9,92.15,92.15,2202385.23,2623583.61,False,False,0.0019747213326803963
24894,Property10258,11/24/2014,9/1/2024,27.375,47.7,99.25,99.25,2324317.82,2009080.02,False,False,0.0003905247011234792
56226,Property4117,6/28/2006,8/1/2017,7.4,66.07,100.0,100.0,762775.46,397877.18,False,False,0.017418623681941
37372,Property24647,10/30/2006,8/1/2024,3.59,68.38,98.12,98.12,323854.57,325156.86,False,False,0.0010841252415855368
78539,Property21165,3/14/2007,9/1/2024,2.1,75.4,100.0,100.0,179208.27,184937.33,False,False,0.009548593939771699
33673,Property16087,3/16/2007,7/1/2022,101.85,67.9,100.0,100.0,7500428.31,8972990.33,False,False,0.007555748427840118
59644,Property2616,9/30/2013,9/1/2024,28.5,74.03,97.65,97.65,2655365.92,2454126.63,False,False,0.0022767173026251625
19999,Property18047,10/27/2005,8/1/2024,1.31716455,79.83,100.0,100.0,111577.56,104747.83,False,False,0.0021308386343863004
6417,Property440,12/28/2005,11/1/2018,1.9937991,48.6,96.16,96.16,274794.16,353329.23,False,False,0.00046119664118890756
78045,Property20539,7/8/2015,9/1/2024,9.5,63.97,93.3,93.3,1019600.14,1237822.71,False,False,0.00029521061730247597
6183,Property7561,12/14/2005,2/1/2021,2.84015983,63.82,92.53,92.53,366816.53,517816.28,False,False,0.00022710089729532964
46668,Property19888,9/27/2007,9/1/2024,11.5,72.3,,,1019825.42,1055978.71,False,False,0.0015757188149170848
51605,Property8683,1/29/2004,10/1/2016,6.39746687,63.84,73.97,73.97,866632.27,739750.31,False,False,0.001654371214557735
18003,Property37857,11/21/2006,11/1/2022,1.99330565,66.44,53.51,53.51,295140.81,150270.52,False,False,0.024460542581680046
15796,Property9869,9/30/2003,10/1/2017,1.98755428,67.4,91.63,91.63,226404.34,327756.23,False,False,0.0003742498743976616
13707,Property34040,6/29/2007,5/1/2022,47.5,77.7,100.0,100.0,3270190.65,6491778.84,False,False,0.015492558617059848
58018,Property14431,5/22/2014,9/1/2024,3.99515323,65.5,100.0,100.0,482994.87,777581.17,False,False,0.0003918868236540691
38817,Property8612,11/4/2005,9/1/2024,11.75,78.3,97.37,97.37,1076232.92,474459.5,True,True,0.40531094392596617
86656,Property7824,4/21/2004,10/1/2022,2.45,75.38,97.41,97.41,278426.31,289571.73,True,True,0.41359996100100505
229228,Property6479,11/23/2004,8/1/2021,0.85367695,38.6,97.91,97.91,163661.91,172825.41,False,False,0.0003196787409531533
27652,Property11581,9/23/2014,9/1/2024,3.59240815,69.1,62.63,62.63,535230.63,314267.63,True,True,0.16163561310135052
14758,Property15284,6/11/2004,1/1/2024,2.77427668,77.1,90.99,90.99,317559.67,280130.54,False,False,0.007762886317558409
30614,Property15863,9/27/2007,9/1/2024,20.0,73.6,,,1667859.46,1763709.59,False,False,0.005749220213879502
30696,Property10713,3/28/2007,4/1/2022,23.0,75.41,99.66,99.66,2326280.87,2040076.12,False,False,0.03945158902591984
15275,Property16154,6/28/2012,2/1/2023,1.8,72.0,88.28,88.28,200599.11,235691.69,False,False,0.00023495137768959784
11326,Property36318,2/29/2008,12/1/2020,1.5962623,72.6,100.0,100.0,155754.77,165953.89,False,False,0.009151609810327959
170789,Property33616,12/29/2005,6/1/2017,14.0,65.42,98.87,98.87,1237646.24,1561505.37,False,False,0.0003861929986003308
38197,Property40,12/28/2005,11/1/2018,34.9621923,76.0,93.67,93.67,3792540.51,4517761.27,False,False,0.005732706276887572
36116,Property36848,12/8/2014,9/1/2024,7.67391715,69.1,71.91,71.91,1345686.34,96985.73,True,True,0.3220004026610259
45435,Property19618,9/27/2007,9/1/2024,2.7703028,78.0,,,232810.73,183194.79,False,False,0.022736604437280615
30647,Property29138,4/18/2008,2/1/2024,4.265,74.8,100.0,100.0,412450.57,413173.33,False,False,0.006523656065213826
3367,Property3538,3/7/2007,1/1/2024,15.0,79.79,99.34,99.34,1256315.62,2012857.65,False,False,0.004282846440099006
10318,Property31950,8/25/2016,9/1/2024,10.67546378,69.1,94.36,94.36,996858.93,975903.5,False,False,0.0009894369880294848
2021,Property12156,12/19/2012,8/1/2024,7.18778264,43.8,73.01,73.01,1228312.82,936969.83,False,False,0.000679404846634669
17394,Property14682,5/8/2007,12/1/2020,2.6,68.42,100.0,100.0,225361.64,190420.96,False,False,0.0031823929236558853
78799,Property11807,5/9/2007,8/1/2024,0.765,74.3,97.23,97.23,77711.69,64648.76,True,False,0.03480732171594969
12949,Property10646,6/29/2006,11/1/2021,8.85,66.5,64.61,64.61,1198156.22,504931.61,False,False,0.02838888625538566
57299,Property16497,5/30/2007,9/1/2024,2.32146033,69.5,100.0,100.0,242083.73,263726.15,False,False,0.0037889004131180445
24887,Property2959,12/22/2006,4/1/2021,1.16,75.8,100.0,100.0,109413.24,23667.11,True,True,0.43863380396218715
30840,Property14008,6/30/2005,5/1/2016,17.323,64.16,100.0,100.0,1502135.97,1902063.19,False,False,0.0009614992512970295
113802,Property9752,10/25/2005,9/1/2020,1.85196049,39.1,99.95,98.77,208886.41,274116.39,False,False,0.0002721836021142964
10672,Property6890,9/29/2005,9/1/2018,1.74822241,66.5,97.72,98.72,201456.96,222983.64,False,False,0.0014015983564784698
47760,Property11916,6/23/2005,10/1/2021,6.1,71.8,98.57,45.53,825517.85,504782.55,True,True,0.43953410407556653
80606,Property26554,8/22/2007,9/1/2024,3.6,66.67,100.0,100.0,339147.44,395219.73,False,False,0.001368751538065889
632,Property18738,9/28/2007,9/1/2024,17.28702059,65.86,100.0,100.0,1615166.3,1559669.55,False,False,0.004214387921748177
12980,Property34645,5/30/2012,9/1/2024,9.7,54.2,100.0,100.0,1153670.91,1638941.81,False,False,0.00035929917503780656
36236,Property29851,2/10/2005,8/1/2022,7.1,70.3,91.14,86.62,789889.66,587041.08,False,False,0.01587260578340011
419,Property33272,6/30/2005,5/1/2016,42.0,60.87,97.56,97.56,4589874.98,5988432.83,False,False,0.0034395805222701844
16873,Property25786,12/20/2012,9/1/2024,12.48470083,68.41,86.24,86.24,1378960.21,1313789.3,False,False,0.001131675102714899
117473,Property12383,7/10/2007,9/1/2024,138.613339,62.72,99.16,99.16,11361637.16,9023347.54,False,False,0.042712023628151484
39716,Property18723,8/24/2005,6/1/2020,7.98822685,50.2,81.84,81.84,1114824.42,1211731.35,True,True,0.27438784765663177
22684,Property6255,5/23/2007,7/1/2023,22.0,80.0,90.02,90.02,1576195.33,2384202.22,False,False,0.000627188343468727
68218,Property6912,8/25/2004,9/1/2023,4.16,79.7,100.0,100.0,503107.93,371244.2,False,False,0.02274781398548345
45529,Property13461,5/30/2007,9/1/2024,1.91408667,73.6,94.11,96.91,207952.53,253439.1,False,False,0.00534930660224498
116752,Property11056,8/12/2014,9/1/2024,5.45,61.2,97.22,97.22,691028.13,908193.9,False,False,0.00014024590010290025
11240,Property27713,8/28/2007,9/1/2024,2.9973402,61.8,100.0,100.0,297806.67,290643.87,False,False,0.008670297066700961
31065,Property17760,9/27/2007,9/1/2024,14.0,51.9,,,2644935.99,1463803.09,False,False,0.004724760858689932
66453,Property3523,3/29/2007,7/1/2021,14.25,77.0,100.0,100.0,1360108.45,353809.46,True,True,0.5356816956560412
75092,Property12187,3/29/2007,7/1/2021,46.0,74.2,99.69,99.69,3867642.69,3581318.89,False,False,0.004815115913672155
19127,Property9698,2/27/2007,1/1/2024,165.875,54.98,62.73,62.73,31876113.48,31229088.69,True,False,0.027642639951984273
33198,Property31718,9/23/2014,9/1/2024,15.377929,74.7,100.0,100.0,1609602.32,1902361.54,False,False,0.0020986298334425674
13010,Property36031,7/31/2013,9/1/2024,4.9875,75.0,87.22,87.22,477990.79,779297.86,False,False,0.00018132995303240789
115571,Property16112,3/16/2007,7/1/2022,3.46712358,79.7,90.5,83.08,315480.5,177930.39,False,False,0.09739484893173117
72255,Property24876,8/25/2005,1/1/2018,6.24,80.0,93.28,93.28,576609.68,489709.22,False,False,0.00935312279330368
37082,Property9874,2/23/2005,7/1/2017,0.40346569,25.2,90.71,90.71,96081.52,99047.3,False,False,0.0001905240855938306
49154,Property9250,7/2/2013,8/1/2024,31.34735365,66.82,79.59,79.59,5156643.73,4509580.28,False,False,0.0032345859631739637
42902,Property28280,5/30/2007,9/1/2024,1.91875338,57.3,98.86,98.86,176250.31,176250.82,False,False,0.0022850365981301047
12572,Property818,9/27/2006,4/1/2022,7.25,69.4,74.66,74.66,769938.78,746404.92,False,False,0.005310304507954606
15464,Property16802,3/14/2007,9/1/2024,1.72,74.8,98.12,98.12,173610.37,118027.39,False,False,0.021696530792017252
21502,Property32380,9/27/2006,4/1/2022,3.15,65.6,88.04,88.04,326468.35,263499.54,False,False,0.004168593045182895
53266,Property25513,3/18/2003,2/1/2018,4.82,67.9,98.36,98.36,541338.77,555549.79,False,False,0.001180280845286725
30670,Property7972,12/19/2012,8/1/2024,25.1,63.9,96.87,96.87,2244804.99,2276761.92,False,False,0.00042833632179547755
40999,Property4499,7/30/2012,9/1/2024,47.92539193,51.09,84.82,84.82,5030558.13,6363124.33,False,False,0.0013341727732172218
22514,Property15686,11/22/2011,8/1/2024,3.59636297,63.4,96.75,96.75,526596.32,432246.72,True,False,0.04383885222198965
174510,Property36205,3/10/2011,8/1/2024,45.35499207,69.8,90.41,90.41,5966003.7,4895069.85,False,False,0.0166493234699469
20155,Property18703,11/3/2004,8/1/2017,4.8,77.4,97.18,97.18,533016.9,418935.16,False,False,0.015728537355170893
14888,Property203,3/31/2005,11/1/2018,115.0,77.3,96.53,96.53,10663020.14,10784903.63,False,False,0.028690925061762455
50235,Property7256,9/28/2007,9/1/2024,7.55,56.34,86.49,86.49,991431.27,964671.03,True,False,0.03855008988334311
33780,Property34395,3/29/2007,12/1/2020,15.1,76.77,98.29,98.29,1338972.38,996816.31,True,True,0.35341528755966
114316,Property12826,12/19/2006,2/1/2022,3.18194869,58.8,100.0,100.0,338422.14,343869.05,True,True,0.32023978675862913
67472,Property12659,8/17/2006,9/1/2019,10.6323024,68.6,94.06,94.06,1126059.0,759425.47,True,True,0.38525031749125277
73356,Property20421,3/18/2011,8/1/2024,9.1,49.2,100.0,100.0,1198443.29,1267077.45,False,False,0.0005466587525411041
86538,Property31637,4/12/2005,7/1/2022,5.4,75.0,97.83,97.83,481100.63,662393.47,False,False,0.000455938371801538
29578,Property8084,8/23/2007,6/1/2022,10.545,77.5,94.3,80.6,967666.08,856368.78,True,True,0.4656898170275503
5227,Property12984,9/27/2006,4/1/2022,5.29585772,77.9,99.73,99.73,483996.14,382450.84,False,False,0.008476751274555282
50218,Property20422,4/13/2007,8/1/2024,5.5,39.71,99.96,99.96,839993.71,1258426.44,True,True,0.24445923647006804
113564,Property16307,9/28/2005,8/1/2022,4.5,50.0,93.53,93.53,792444.84,1003576.14,False,False,0.0010844837944644571
45375,Property22508,8/22/2003,12/1/2018,10.0,32.3,99.13,99.13,2305267.8,3046633.77,False,False,0.00039804994641285996
113356,Property3487,12/20/2005,9/1/2024,1.1,58.7,98.43,98.43,137473.96,91265.25,False,False,0.0034750395579518645
27522,Property24920,9/28/2005,8/1/2022,1.05,61.8,100.0,100.0,110344.67,42468.55,False,False,0.010273696878732528
43,Property28830,11/14/2007,9/1/2024,6.85,74.46,100.0,100.0,634718.06,606781.78,False,False,0.02071748828936675
51721,Property24527,8/22/2012,3/1/2024,10.66642599,59.3,71.45,71.45,1492281.19,149427.01,False,False,0.023442323404841536
53907,Property18409,12/5/2003,6/1/2023,0.87602116,79.6,96.93,96.93,105335.87,75954.93,False,False,0.0030807745370994536
16941,Property23447,11/3/2004,8/1/2017,22.7831947,71.2,100.0,100.0,2101823.56,2113350.94,False,False,0.0017122846416402974
81690,Property28844,11/20/2003,4/1/2016,1.9,73.1,94.95,94.95,248802.17,189450.96,False,False,0.0058871737074517455
8129,Property21793,3/28/2006,11/1/2023,6.07974173,73.2,73.27,73.27,750406.9,825749.15,False,False,0.0016111798095838703
46918,Property25756,7/30/2007,9/1/2022,3.7,77.1,88.52,88.52,322371.54,261063.65,False,False,0.014780013013760179
4344,Property34047,2/1/2006,11/1/2021,12.60526619,68.9,100.0,100.0,1124823.02,1427114.89,False,False,0.0017924105912284312
66621,Property5137,8/20/2013,8/1/2024,5.04,71.0,99.09,99.09,492341.81,125425.14,True,True,0.4000112365422243
80718,Property7548,11/30/2007,5/1/2023,2.25,76.3,100.0,100.0,188866.9,195023.55,False,False,0.009592348475883071
17634,Property33105,2/27/2007,1/1/2024,6.99375416,74.8,80.45,80.45,672811.84,506747.47,False,False,0.02730489618284388
20532,Property20806,1/27/2005,6/1/2018,9.8,26.8,94.14,94.14,2654809.46,2281827.81,False,False,0.0009636889897175738
28751,Property28304,6/18/2014,9/1/2024,4.35,69.05,88.6,88.6,476615.15,463341.13,False,False,0.00048616526151322117
44572,Property23972,3/30/2005,3/1/2020,2.84602675,72.05,98.16,98.16,263252.56,255882.95,False,False,0.008090641715219992
44762,Property31542,6/23/2005,10/1/2021,2.0,80.0,95.27,37.41,208008.53,231309.52,False,False,0.018140981210622728
40533,Property982,6/28/2005,11/1/2016,6.7887015,64.65,94.64,94.64,782818.46,926885.68,True,True,0.19878625382656606
58010,Property27385,6/30/2004,12/1/2019,3.4,66.0,88.99,88.99,434278.41,345865.18,False,False,0.02040979015906966
